name,tree,repl,model,modelq
NP,rtree100_bl0.3_rep1,1,JTT+F+I+G4,1
NP,rtree100_bl0.3_rep1,1,Dayhoff+F+G4,2
NP,rtree100_bl0.3_rep1,1,mtInv+F+I,3
NP,rtree100_bl0.3_rep1,1,rtREV+F,4
NP,rtree100_bl0.3_rep1,1,mtART+I,5
NP,rtree100_bl0.3_rep1,2,JTT+I+G4,1
NP,rtree100_bl0.3_rep1,2,WAG+I,2
NP,rtree100_bl0.3_rep1,2,PMB,3
NP,rtree100_bl0.3_rep1,2,rtREV+F,4
NP,rtree100_bl0.3_rep1,2,mtART+I,5
NP,rtree100_bl0.3_rep1,3,JTT+I+G4,1
NP,rtree100_bl0.3_rep1,3,WAG+I,2
NP,rtree100_bl0.3_rep1,3,PMB+F+I,3
NP,rtree100_bl0.3_rep1,3,mtMet+G4,4
NP,rtree100_bl0.3_rep1,3,mtART,5
NP,rtree100_bl0.3_rep1,4,JTT+F+I+G4,1
NP,rtree100_bl0.3_rep1,4,DCMut+F+G4,2
NP,rtree100_bl0.3_rep1,4,Dayhoff+F+I,3
NP,rtree100_bl0.3_rep1,4,rtREV+F,4
NP,rtree100_bl0.3_rep1,4,mtART+I,5
NP,rtree100_bl0.3_rep1,5,JTT+F+G4,1
NP,rtree100_bl0.3_rep1,5,WAG,2
NP,rtree100_bl0.3_rep1,5,PMB,3
NP,rtree100_bl0.3_rep1,5,rtREV+F,4
NP,rtree100_bl0.3_rep1,5,mtART,5
NP,rtree100_bl0.3_rep1,6,JTT+F+G4,1
NP,rtree100_bl0.3_rep1,6,FLU+F+G4,2
NP,rtree100_bl0.3_rep1,6,HIVw+G4,3
NP,rtree100_bl0.3_rep1,6,rtREV+F,4
NP,rtree100_bl0.3_rep1,6,mtART,5
NP,rtree100_bl0.3_rep1,7,JTT+G4,1
NP,rtree100_bl0.3_rep1,7,VT,2
NP,rtree100_bl0.3_rep1,7,HIVw+G4,3
NP,rtree100_bl0.3_rep1,7,mtMet+G4,4
NP,rtree100_bl0.3_rep1,7,mtART,5
NP,rtree100_bl0.3_rep1,8,JTT+F+G4,1
NP,rtree100_bl0.3_rep1,8,mtMet+F+G4,2
NP,rtree100_bl0.3_rep1,8,FLU+G4,3
NP,rtree100_bl0.3_rep1,8,HIVw,4
NP,rtree100_bl0.3_rep1,8,mtART,5
NP,rtree100_bl0.3_rep1,9,JTT+F+G4,1
NP,rtree100_bl0.3_rep1,9,DCMut+F+G4,2
NP,rtree100_bl0.3_rep1,9,mtREV+F+G4,3
NP,rtree100_bl0.3_rep1,9,rtREV+F,4
NP,rtree100_bl0.3_rep1,9,mtART,5
NP,rtree100_bl0.3_rep1,10,JTT+F+G4,1
NP,rtree100_bl0.3_rep1,10,Dayhoff+F+G4,2
NP,rtree100_bl0.3_rep1,10,Dayhoff+F,3
NP,rtree100_bl0.3_rep1,10,rtREV+F,4
NP,rtree100_bl0.3_rep1,10,mtART,5
NP,rtree100_bl0.3_rep1,11,JTT+I+G4,1
NP,rtree100_bl0.3_rep1,11,Dayhoff+F+G4,2
NP,rtree100_bl0.3_rep1,11,Dayhoff+F,3
NP,rtree100_bl0.3_rep1,11,mtMet+I+G4,4
NP,rtree100_bl0.3_rep1,11,mtART+I,5
NP,rtree100_bl0.3_rep1,12,JTT+F+I+G4,1
NP,rtree100_bl0.3_rep1,12,mtMet+F+G4,2
NP,rtree100_bl0.3_rep1,12,PMB+F+I,3
NP,rtree100_bl0.3_rep1,12,mtMet+I+G4,4
NP,rtree100_bl0.3_rep1,12,mtART+I,5
NP,rtree100_bl0.3_rep1,13,JTT+F+G4,1
NP,rtree100_bl0.3_rep1,13,WAG,2
NP,rtree100_bl0.3_rep1,13,DCMut+F,3
NP,rtree100_bl0.3_rep1,13,mtMet+G4,4
NP,rtree100_bl0.3_rep1,13,mtART,5
NP,rtree100_bl0.3_rep1,14,JTT+F+G4,1
NP,rtree100_bl0.3_rep1,14,DCMut+F+G4,2
NP,rtree100_bl0.3_rep1,14,Dayhoff+F,3
NP,rtree100_bl0.3_rep1,14,rtREV+F,4
NP,rtree100_bl0.3_rep1,14,mtART,5
NP,rtree100_bl0.3_rep1,15,JTT+F+G4,1
NP,rtree100_bl0.3_rep1,15,mtVer+F+G4,2
NP,rtree100_bl0.3_rep1,15,mtInv+F,3
NP,rtree100_bl0.3_rep1,15,mtMet+G4,4
NP,rtree100_bl0.3_rep1,15,mtART,5
NP,rtree100_bl0.3_rep1,16,JTT+F+G4,1
NP,rtree100_bl0.3_rep1,16,FLU+F+G4,2
NP,rtree100_bl0.3_rep1,16,PMB,3
NP,rtree100_bl0.3_rep1,16,rtREV+F,4
NP,rtree100_bl0.3_rep1,16,mtART,5
NP,rtree100_bl0.3_rep1,17,JTT+F+I+G4,1
NP,rtree100_bl0.3_rep1,17,WAG+I,2
NP,rtree100_bl0.3_rep1,17,LG+G4,3
NP,rtree100_bl0.3_rep1,17,rtREV+F,4
NP,rtree100_bl0.3_rep1,17,mtART+I,5
NP,rtree100_bl0.3_rep1,18,JTT+F+I+G4,1
NP,rtree100_bl0.3_rep1,18,Dayhoff+F+G4,2
NP,rtree100_bl0.3_rep1,18,PMB,3
NP,rtree100_bl0.3_rep1,18,rtREV+F,4
NP,rtree100_bl0.3_rep1,18,mtART+I,5
NP,rtree100_bl0.3_rep1,19,JTT+F+G4,1
NP,rtree100_bl0.3_rep1,19,DCMut+F+G4,2
NP,rtree100_bl0.3_rep1,19,Dayhoff+F,3
NP,rtree100_bl0.3_rep1,19,mtMet+G4,4
NP,rtree100_bl0.3_rep1,19,mtART,5
NP,rtree100_bl0.3_rep1,20,JTT+G4,1
NP,rtree100_bl0.3_rep1,20,Dayhoff+F+G4,2
NP,rtree100_bl0.3_rep1,20,PMB,3
NP,rtree100_bl0.3_rep1,20,mtMet+G4,4
NP,rtree100_bl0.3_rep1,20,mtART,5
NP,rtree100_bl1.5_rep1,1,VT+F+G4,1
NP,rtree100_bl1.5_rep1,1,WAG+F,2
NP,rtree100_bl1.5_rep1,1,Dayhoff+G4,3
NP,rtree100_bl1.5_rep1,1,HIVb,4
NP,rtree100_bl1.5_rep1,1,mtART,5
NP,rtree100_bl1.5_rep1,2,VT+F+G4,1
NP,rtree100_bl1.5_rep1,2,WAG+F,2
NP,rtree100_bl1.5_rep1,2,rtREV+F,3
NP,rtree100_bl1.5_rep1,2,rtREV,4
NP,rtree100_bl1.5_rep1,2,mtART,5
NP,rtree100_bl1.5_rep1,3,VT+F+G4,1
NP,rtree100_bl1.5_rep1,3,WAG+F,2
NP,rtree100_bl1.5_rep1,3,WAG,3
NP,rtree100_bl1.5_rep1,3,rtREV,4
NP,rtree100_bl1.5_rep1,3,mtART,5
NP,rtree100_bl1.5_rep1,4,VT+F+G4,1
NP,rtree100_bl1.5_rep1,4,WAG+F,2
NP,rtree100_bl1.5_rep1,4,mtZOA+F+G4,3
NP,rtree100_bl1.5_rep1,4,rtREV,4
NP,rtree100_bl1.5_rep1,4,mtART,5
NP,rtree100_bl1.5_rep1,5,VT+F+G4,1
NP,rtree100_bl1.5_rep1,5,WAG+F,2
NP,rtree100_bl1.5_rep1,5,rtREV+F,3
NP,rtree100_bl1.5_rep1,5,rtREV,4
NP,rtree100_bl1.5_rep1,5,mtART,5
NP,rtree100_bl1.5_rep1,6,VT+F+G4,1
NP,rtree100_bl1.5_rep1,6,WAG+G4,2
NP,rtree100_bl1.5_rep1,6,rtREV+F,3
NP,rtree100_bl1.5_rep1,6,rtREV,4
NP,rtree100_bl1.5_rep1,6,mtART,5
NP,rtree100_bl1.5_rep1,7,VT+F+G4,1
NP,rtree100_bl1.5_rep1,7,WAG+F,2
NP,rtree100_bl1.5_rep1,7,rtREV+F,3
NP,rtree100_bl1.5_rep1,7,rtREV,4
NP,rtree100_bl1.5_rep1,7,mtART,5
NP,rtree100_bl1.5_rep1,8,VT+F+G4,1
NP,rtree100_bl1.5_rep1,8,mtMet+F+G4,2
NP,rtree100_bl1.5_rep1,8,Dayhoff+G4,3
NP,rtree100_bl1.5_rep1,8,HIVb,4
NP,rtree100_bl1.5_rep1,8,mtART,5
NP,rtree100_bl1.5_rep1,9,VT+F+G4,1
NP,rtree100_bl1.5_rep1,9,WAG+F,2
NP,rtree100_bl1.5_rep1,9,Dayhoff+G4,3
NP,rtree100_bl1.5_rep1,9,HIVb,4
NP,rtree100_bl1.5_rep1,9,mtART,5
NP,rtree100_bl1.5_rep1,10,VT+F+G4,1
NP,rtree100_bl1.5_rep1,10,WAG+F,2
NP,rtree100_bl1.5_rep1,10,Dayhoff+F,3
NP,rtree100_bl1.5_rep1,10,rtREV,4
NP,rtree100_bl1.5_rep1,10,mtART,5
NP,rtree100_bl1.5_rep1,11,VT+F+G4,1
NP,rtree100_bl1.5_rep1,11,Blosum62+F,2
NP,rtree100_bl1.5_rep1,11,WAG,3
NP,rtree100_bl1.5_rep1,11,HIVb,4
NP,rtree100_bl1.5_rep1,11,mtART,5
NP,rtree100_bl1.5_rep1,12,VT+F+G4,1
NP,rtree100_bl1.5_rep1,12,mtMet+F+G4,2
NP,rtree100_bl1.5_rep1,12,Dayhoff+G4,3
NP,rtree100_bl1.5_rep1,12,rtREV,4
NP,rtree100_bl1.5_rep1,12,mtART,5
NP,rtree100_bl1.5_rep1,13,VT+F+G4,1
NP,rtree100_bl1.5_rep1,13,Blosum62+F,2
NP,rtree100_bl1.5_rep1,13,Dayhoff+F,3
NP,rtree100_bl1.5_rep1,13,rtREV,4
NP,rtree100_bl1.5_rep1,13,mtART,5
NP,rtree100_bl1.5_rep1,14,VT+F+G4,1
NP,rtree100_bl1.5_rep1,14,WAG+G4,2
NP,rtree100_bl1.5_rep1,14,DCMut+G4,3
NP,rtree100_bl1.5_rep1,14,FLU+G4,4
NP,rtree100_bl1.5_rep1,14,mtART,5
NP,rtree100_bl1.5_rep1,15,VT+F+G4,1
NP,rtree100_bl1.5_rep1,15,WAG+F,2
NP,rtree100_bl1.5_rep1,15,Dayhoff+F,3
NP,rtree100_bl1.5_rep1,15,rtREV,4
NP,rtree100_bl1.5_rep1,15,mtART,5
NP,rtree100_bl1.5_rep1,16,VT+F+G4,1
NP,rtree100_bl1.5_rep1,16,WAG+F,2
NP,rtree100_bl1.5_rep1,16,Dayhoff+F,3
NP,rtree100_bl1.5_rep1,16,rtREV,4
NP,rtree100_bl1.5_rep1,16,mtART,5
NP,rtree100_bl1.5_rep1,17,VT+F+G4,1
NP,rtree100_bl1.5_rep1,17,JTT+F,2
NP,rtree100_bl1.5_rep1,17,DCMut+G4,3
NP,rtree100_bl1.5_rep1,17,rtREV,4
NP,rtree100_bl1.5_rep1,17,mtART,5
NP,rtree100_bl1.5_rep1,18,VT+F+G4,1
NP,rtree100_bl1.5_rep1,18,WAG+F,2
NP,rtree100_bl1.5_rep1,18,Dayhoff+G4,3
NP,rtree100_bl1.5_rep1,18,rtREV,4
NP,rtree100_bl1.5_rep1,18,mtART,5
NP,rtree100_bl1.5_rep1,19,VT+F+G4,1
NP,rtree100_bl1.5_rep1,19,mtMet+F+G4,2
NP,rtree100_bl1.5_rep1,19,Dayhoff+G4,3
NP,rtree100_bl1.5_rep1,19,rtREV,4
NP,rtree100_bl1.5_rep1,19,mtART,5
NP,rtree100_bl1.5_rep1,20,VT+F+G4,1
NP,rtree100_bl1.5_rep1,20,mtREV+F+G4,2
NP,rtree100_bl1.5_rep1,20,Dayhoff+F,3
NP,rtree100_bl1.5_rep1,20,rtREV,4
NP,rtree100_bl1.5_rep1,20,mtART,5
NP,rtree100_bl3_rep1,1,VT+F+G4,1
NP,rtree100_bl3_rep1,1,JTTDCMut+G4,2
NP,rtree100_bl3_rep1,1,rtREV+G4,3
NP,rtree100_bl3_rep1,1,mtMAM+F,4
NP,rtree100_bl3_rep1,1,HIVw,5
NP,rtree100_bl3_rep1,2,VT+F+G4,1
NP,rtree100_bl3_rep1,2,WAG+G4,2
NP,rtree100_bl3_rep1,2,Dayhoff+G4,3
NP,rtree100_bl3_rep1,2,mtMAM+F,4
NP,rtree100_bl3_rep1,2,HIVw,5
NP,rtree100_bl3_rep1,3,VT+F+G4,1
NP,rtree100_bl3_rep1,3,JTTDCMut+G4,2
NP,rtree100_bl3_rep1,3,Dayhoff+G4,3
NP,rtree100_bl3_rep1,3,rtREV,4
NP,rtree100_bl3_rep1,3,mtART,5
NP,rtree100_bl3_rep1,4,VT+F+G4,1
NP,rtree100_bl3_rep1,4,JTTDCMut+G4,2
NP,rtree100_bl3_rep1,4,Dayhoff+G4,3
NP,rtree100_bl3_rep1,4,rtREV,4
NP,rtree100_bl3_rep1,4,HIVw,5
NP,rtree100_bl3_rep1,5,VT+F+G4,1
NP,rtree100_bl3_rep1,5,JTTDCMut+G4,2
NP,rtree100_bl3_rep1,5,Dayhoff+G4,3
NP,rtree100_bl3_rep1,5,mtREV+G4,4
NP,rtree100_bl3_rep1,5,HIVw,5
NP,rtree100_bl3_rep1,6,VT+F+G4,1
NP,rtree100_bl3_rep1,6,JTTDCMut+G4,2
NP,rtree100_bl3_rep1,6,mtInv+F,3
NP,rtree100_bl3_rep1,6,mtREV+G4,4
NP,rtree100_bl3_rep1,6,HIVw,5
NP,rtree100_bl3_rep1,7,VT+F+G4,1
NP,rtree100_bl3_rep1,7,JTTDCMut+G4,2
NP,rtree100_bl3_rep1,7,rtREV+G4,3
NP,rtree100_bl3_rep1,7,mtMAM+F,4
NP,rtree100_bl3_rep1,7,HIVw,5
NP,rtree100_bl3_rep1,8,VT+F+G4,1
NP,rtree100_bl3_rep1,8,WAG+G4,2
NP,rtree100_bl3_rep1,8,Dayhoff+G4,3
NP,rtree100_bl3_rep1,8,mtREV+G4,4
NP,rtree100_bl3_rep1,8,HIVw,5
NP,rtree100_bl3_rep1,9,VT+F+G4,1
NP,rtree100_bl3_rep1,9,JTTDCMut+G4,2
NP,rtree100_bl3_rep1,9,Dayhoff+G4,3
NP,rtree100_bl3_rep1,9,mtMAM+F,4
NP,rtree100_bl3_rep1,9,HIVw,5
NP,rtree100_bl3_rep1,10,VT+F+G4,1
NP,rtree100_bl3_rep1,10,JTTDCMut+G4,2
NP,rtree100_bl3_rep1,10,DCMut+G4,3
NP,rtree100_bl3_rep1,10,rtREV,4
NP,rtree100_bl3_rep1,10,HIVw,5
NP,rtree100_bl3_rep1,11,VT+F+G4,1
NP,rtree100_bl3_rep1,11,JTTDCMut+G4,2
NP,rtree100_bl3_rep1,11,mtInv+F,3
NP,rtree100_bl3_rep1,11,mtREV+G4,4
NP,rtree100_bl3_rep1,11,HIVw,5
NP,rtree100_bl3_rep1,12,VT+F+G4,1
NP,rtree100_bl3_rep1,12,WAG+G4,2
NP,rtree100_bl3_rep1,12,rtREV+G4,3
NP,rtree100_bl3_rep1,12,mtMAM+F,4
NP,rtree100_bl3_rep1,12,HIVw,5
NP,rtree100_bl3_rep1,13,VT+F+G4,1
NP,rtree100_bl3_rep1,13,JTTDCMut+G4,2
NP,rtree100_bl3_rep1,13,DCMut+F,3
NP,rtree100_bl3_rep1,13,rtREV,4
NP,rtree100_bl3_rep1,13,HIVw,5
NP,rtree100_bl3_rep1,14,VT+F+G4,1
NP,rtree100_bl3_rep1,14,JTTDCMut+G4,2
NP,rtree100_bl3_rep1,14,Dayhoff+G4,3
NP,rtree100_bl3_rep1,14,rtREV,4
NP,rtree100_bl3_rep1,14,HIVw,5
NP,rtree100_bl3_rep1,15,VT+F+G4,1
NP,rtree100_bl3_rep1,15,JTTDCMut+G4,2
NP,rtree100_bl3_rep1,15,Dayhoff+G4,3
NP,rtree100_bl3_rep1,15,mtREV+G4,4
NP,rtree100_bl3_rep1,15,HIVw,5
NP,rtree100_bl3_rep1,16,VT+F+G4,1
NP,rtree100_bl3_rep1,16,JTTDCMut+G4,2
NP,rtree100_bl3_rep1,16,Dayhoff+G4,3
NP,rtree100_bl3_rep1,16,rtREV,4
NP,rtree100_bl3_rep1,16,HIVw,5
NP,rtree100_bl3_rep1,17,VT+F+G4,1
NP,rtree100_bl3_rep1,17,JTTDCMut+G4,2
NP,rtree100_bl3_rep1,17,Dayhoff+G4,3
NP,rtree100_bl3_rep1,17,rtREV,4
NP,rtree100_bl3_rep1,17,HIVw,5
NP,rtree100_bl3_rep1,18,VT+F+G4,1
NP,rtree100_bl3_rep1,18,JTTDCMut+G4,2
NP,rtree100_bl3_rep1,18,Dayhoff+G4,3
NP,rtree100_bl3_rep1,18,mtREV+G4,4
NP,rtree100_bl3_rep1,18,HIVw,5
NP,rtree100_bl3_rep1,19,VT+F+G4,1
NP,rtree100_bl3_rep1,19,JTTDCMut+G4,2
NP,rtree100_bl3_rep1,19,rtREV+G4,3
NP,rtree100_bl3_rep1,19,mtMAM+F,4
NP,rtree100_bl3_rep1,19,mtART,5
NP,rtree100_bl3_rep1,20,VT+F+G4,1
NP,rtree100_bl3_rep1,20,JTTDCMut+G4,2
NP,rtree100_bl3_rep1,20,Dayhoff+G4,3
NP,rtree100_bl3_rep1,20,mtREV+G4,4
NP,rtree100_bl3_rep1,20,HIVw,5
HA,rtree100_bl0.3_rep1,1,JTT+F+G4,1
HA,rtree100_bl0.3_rep1,1,VT+F,2
HA,rtree100_bl0.3_rep1,1,PMB,3
HA,rtree100_bl0.3_rep1,1,rtREV+F,4
HA,rtree100_bl0.3_rep1,1,mtART,5
HA,rtree100_bl0.3_rep1,2,JTT+F+I+G4,1
HA,rtree100_bl0.3_rep1,2,FLU+F+I+G4,2
HA,rtree100_bl0.3_rep1,2,PMB+F,3
HA,rtree100_bl0.3_rep1,2,mtREV+F,4
HA,rtree100_bl0.3_rep1,2,mtART,5
HA,rtree100_bl0.3_rep1,3,JTT+G4,1
HA,rtree100_bl0.3_rep1,3,WAG,2
HA,rtree100_bl0.3_rep1,3,PMB,3
HA,rtree100_bl0.3_rep1,3,mtMet+G4,4
HA,rtree100_bl0.3_rep1,3,mtART,5
HA,rtree100_bl0.3_rep1,4,JTT+F+G4,1
HA,rtree100_bl0.3_rep1,4,VT+F+I,2
HA,rtree100_bl0.3_rep1,4,PMB+F+I,3
HA,rtree100_bl0.3_rep1,4,mtMet+I+G4,4
HA,rtree100_bl0.3_rep1,4,mtART,5
HA,rtree100_bl0.3_rep1,5,JTT+F+I+G4,1
HA,rtree100_bl0.3_rep1,5,VT+F+I,2
HA,rtree100_bl0.3_rep1,5,FLU+F+I,3
HA,rtree100_bl0.3_rep1,5,mtMet+I+G4,4
HA,rtree100_bl0.3_rep1,5,mtART,5
HA,rtree100_bl0.3_rep1,6,JTT+G4,1
HA,rtree100_bl0.3_rep1,6,HIVw+F+G4,2
HA,rtree100_bl0.3_rep1,6,DCMut+F+I,3
HA,rtree100_bl0.3_rep1,6,rtREV,4
HA,rtree100_bl0.3_rep1,6,mtART,5
HA,rtree100_bl0.3_rep1,7,JTT+F+G4,1
HA,rtree100_bl0.3_rep1,7,VT+F+I,2
HA,rtree100_bl0.3_rep1,7,DCMut+F+I,3
HA,rtree100_bl0.3_rep1,7,mtMet+I+G4,4
HA,rtree100_bl0.3_rep1,7,mtART,5
HA,rtree100_bl0.3_rep1,8,JTT+F+G4,1
HA,rtree100_bl0.3_rep1,8,DCMut+F+G4,2
HA,rtree100_bl0.3_rep1,8,HIVw+I+G4,3
HA,rtree100_bl0.3_rep1,8,mtREV+F,4
HA,rtree100_bl0.3_rep1,8,mtART,5
HA,rtree100_bl0.3_rep1,9,JTT+F+G4,1
HA,rtree100_bl0.3_rep1,9,cpREV+G4,2
HA,rtree100_bl0.3_rep1,9,DCMut+F,3
HA,rtree100_bl0.3_rep1,9,mtMet+I+G4,4
HA,rtree100_bl0.3_rep1,9,mtART,5
HA,rtree100_bl0.3_rep1,10,JTT+F+G4,1
HA,rtree100_bl0.3_rep1,10,DCMut+F+G4,2
HA,rtree100_bl0.3_rep1,10,Blosum62+G4,3
HA,rtree100_bl0.3_rep1,10,mtMet+I+G4,4
HA,rtree100_bl0.3_rep1,10,mtART,5
HA,rtree100_bl0.3_rep1,11,JTT+F+I+G4,1
HA,rtree100_bl0.3_rep1,11,VT+F,2
HA,rtree100_bl0.3_rep1,11,PMB+I,3
HA,rtree100_bl0.3_rep1,11,mtREV+F,4
HA,rtree100_bl0.3_rep1,11,mtART,5
HA,rtree100_bl0.3_rep1,12,JTT+F+I+G4,1
HA,rtree100_bl0.3_rep1,12,WAG+I,2
HA,rtree100_bl0.3_rep1,12,PMB,3
HA,rtree100_bl0.3_rep1,12,mtREV+F,4
HA,rtree100_bl0.3_rep1,12,mtART,5
HA,rtree100_bl0.3_rep1,13,JTT+F+G4,1
HA,rtree100_bl0.3_rep1,13,FLU+F+G4,2
HA,rtree100_bl0.3_rep1,13,PMB,3
HA,rtree100_bl0.3_rep1,13,mtMet+G4,4
HA,rtree100_bl0.3_rep1,13,mtART+I,5
HA,rtree100_bl0.3_rep1,14,JTT+F+I+G4,1
HA,rtree100_bl0.3_rep1,14,VT+F,2
HA,rtree100_bl0.3_rep1,14,mtVer+F+G4,3
HA,rtree100_bl0.3_rep1,14,mtMet+G4,4
HA,rtree100_bl0.3_rep1,14,mtART,5
HA,rtree100_bl0.3_rep1,15,JTT+F+I+G4,1
HA,rtree100_bl0.3_rep1,15,cpREV+I+G4,2
HA,rtree100_bl0.3_rep1,15,Dayhoff+I+G4,3
HA,rtree100_bl0.3_rep1,15,mtREV+F,4
HA,rtree100_bl0.3_rep1,15,mtART,5
HA,rtree100_bl0.3_rep1,16,JTT+F+G4,1
HA,rtree100_bl0.3_rep1,16,WAG+I,2
HA,rtree100_bl0.3_rep1,16,mtVer+F+I+G4,3
HA,rtree100_bl0.3_rep1,16,mtMet+I+G4,4
HA,rtree100_bl0.3_rep1,16,mtART,5
HA,rtree100_bl0.3_rep1,17,JTT+F+G4,1
HA,rtree100_bl0.3_rep1,17,cpREV+G4,2
HA,rtree100_bl0.3_rep1,17,DCMut+F+I,3
HA,rtree100_bl0.3_rep1,17,mtREV+F,4
HA,rtree100_bl0.3_rep1,17,mtART,5
HA,rtree100_bl0.3_rep1,18,JTT+F+I+G4,1
HA,rtree100_bl0.3_rep1,18,FLU+F+I+G4,2
HA,rtree100_bl0.3_rep1,18,PMB+F,3
HA,rtree100_bl0.3_rep1,18,mtMet+I+G4,4
HA,rtree100_bl0.3_rep1,18,mtART,5
HA,rtree100_bl0.3_rep1,19,JTT+F+G4,1
HA,rtree100_bl0.3_rep1,19,VT+F+I,2
HA,rtree100_bl0.3_rep1,19,PMB+I,3
HA,rtree100_bl0.3_rep1,19,mtMet+I+G4,4
HA,rtree100_bl0.3_rep1,19,mtART+I,5
HA,rtree100_bl0.3_rep1,20,JTT+F+G4,1
HA,rtree100_bl0.3_rep1,20,FLU+F+G4,2
HA,rtree100_bl0.3_rep1,20,mtVer+F+I+G4,3
HA,rtree100_bl0.3_rep1,20,mtMet+I+G4,4
HA,rtree100_bl0.3_rep1,20,mtART,5
HA,rtree100_bl1.5_rep1,1,VT+F+G4,1
HA,rtree100_bl1.5_rep1,1,cpREV+G4,2
HA,rtree100_bl1.5_rep1,1,Dayhoff+F,3
HA,rtree100_bl1.5_rep1,1,mtART+F+G4,4
HA,rtree100_bl1.5_rep1,1,mtART,5
HA,rtree100_bl1.5_rep1,2,VT+F+G4,1
HA,rtree100_bl1.5_rep1,2,PMB,2
HA,rtree100_bl1.5_rep1,2,DCMut+G4,3
HA,rtree100_bl1.5_rep1,2,FLU,4
HA,rtree100_bl1.5_rep1,2,mtART,5
HA,rtree100_bl1.5_rep1,3,VT+F+G4,1
HA,rtree100_bl1.5_rep1,3,cpREV+G4,2
HA,rtree100_bl1.5_rep1,3,rtREV+G4,3
HA,rtree100_bl1.5_rep1,3,mtART+F+G4,4
HA,rtree100_bl1.5_rep1,3,mtART,5
HA,rtree100_bl1.5_rep1,4,VT+F+G4,1
HA,rtree100_bl1.5_rep1,4,Blosum62+F,2
HA,rtree100_bl1.5_rep1,4,Dayhoff+G4,3
HA,rtree100_bl1.5_rep1,4,mtART+F+G4,4
HA,rtree100_bl1.5_rep1,4,mtART,5
HA,rtree100_bl1.5_rep1,5,VT+F+G4,1
HA,rtree100_bl1.5_rep1,5,Blosum62+F,2
HA,rtree100_bl1.5_rep1,5,LG+F,3
HA,rtree100_bl1.5_rep1,5,mtART+F+G4,4
HA,rtree100_bl1.5_rep1,5,mtART,5
HA,rtree100_bl1.5_rep1,6,VT+F+G4,1
HA,rtree100_bl1.5_rep1,6,cpREV+G4,2
HA,rtree100_bl1.5_rep1,6,DCMut+G4,3
HA,rtree100_bl1.5_rep1,6,mtART+F+G4,4
HA,rtree100_bl1.5_rep1,6,mtART,5
HA,rtree100_bl1.5_rep1,7,VT+F+G4,1
HA,rtree100_bl1.5_rep1,7,Blosum62+F,2
HA,rtree100_bl1.5_rep1,7,LG+F,3
HA,rtree100_bl1.5_rep1,7,mtART+F+G4,4
HA,rtree100_bl1.5_rep1,7,mtART,5
HA,rtree100_bl1.5_rep1,8,VT+F+G4,1
HA,rtree100_bl1.5_rep1,8,Blosum62+F,2
HA,rtree100_bl1.5_rep1,8,DCMut+F,3
HA,rtree100_bl1.5_rep1,8,mtART+F+G4,4
HA,rtree100_bl1.5_rep1,8,mtART,5
HA,rtree100_bl1.5_rep1,9,VT+F+G4,1
HA,rtree100_bl1.5_rep1,9,Blosum62+F,2
HA,rtree100_bl1.5_rep1,9,Dayhoff+F,3
HA,rtree100_bl1.5_rep1,9,mtART+F+G4,4
HA,rtree100_bl1.5_rep1,9,mtART,5
HA,rtree100_bl1.5_rep1,10,VT+F+G4,1
HA,rtree100_bl1.5_rep1,10,Blosum62+F,2
HA,rtree100_bl1.5_rep1,10,Dayhoff+F,3
HA,rtree100_bl1.5_rep1,10,FLU,4
HA,rtree100_bl1.5_rep1,10,mtART,5
HA,rtree100_bl1.5_rep1,11,VT+F+G4,1
HA,rtree100_bl1.5_rep1,11,PMB,2
HA,rtree100_bl1.5_rep1,11,rtREV+G4,3
HA,rtree100_bl1.5_rep1,11,FLU,4
HA,rtree100_bl1.5_rep1,11,mtART,5
HA,rtree100_bl1.5_rep1,12,VT+F+G4,1
HA,rtree100_bl1.5_rep1,12,cpREV+G4,2
HA,rtree100_bl1.5_rep1,12,Dayhoff+G4,3
HA,rtree100_bl1.5_rep1,12,mtART+F+G4,4
HA,rtree100_bl1.5_rep1,12,mtART,5
HA,rtree100_bl1.5_rep1,13,VT+F+G4,1
HA,rtree100_bl1.5_rep1,13,Blosum62+F,2
HA,rtree100_bl1.5_rep1,13,DCMut+F,3
HA,rtree100_bl1.5_rep1,13,mtART+F+G4,4
HA,rtree100_bl1.5_rep1,13,mtART,5
HA,rtree100_bl1.5_rep1,14,VT+F+G4,1
HA,rtree100_bl1.5_rep1,14,Blosum62+F,2
HA,rtree100_bl1.5_rep1,14,DCMut+F,3
HA,rtree100_bl1.5_rep1,14,mtART+F+G4,4
HA,rtree100_bl1.5_rep1,14,mtART,5
HA,rtree100_bl1.5_rep1,15,VT+F+G4,1
HA,rtree100_bl1.5_rep1,15,PMB,2
HA,rtree100_bl1.5_rep1,15,DCMut+F,3
HA,rtree100_bl1.5_rep1,15,FLU,4
HA,rtree100_bl1.5_rep1,15,mtART,5
HA,rtree100_bl1.5_rep1,16,VT+F+G4,1
HA,rtree100_bl1.5_rep1,16,Blosum62+F,2
HA,rtree100_bl1.5_rep1,16,Dayhoff+F,3
HA,rtree100_bl1.5_rep1,16,mtART+F+G4,4
HA,rtree100_bl1.5_rep1,16,mtART,5
HA,rtree100_bl1.5_rep1,17,VT+F+G4,1
HA,rtree100_bl1.5_rep1,17,Blosum62+F,2
HA,rtree100_bl1.5_rep1,17,DCMut+F,3
HA,rtree100_bl1.5_rep1,17,FLU,4
HA,rtree100_bl1.5_rep1,17,mtART,5
HA,rtree100_bl1.5_rep1,18,VT+F+G4,1
HA,rtree100_bl1.5_rep1,18,Blosum62+F,2
HA,rtree100_bl1.5_rep1,18,DCMut+F,3
HA,rtree100_bl1.5_rep1,18,mtART+F+G4,4
HA,rtree100_bl1.5_rep1,18,mtART,5
HA,rtree100_bl1.5_rep1,19,VT+F+G4,1
HA,rtree100_bl1.5_rep1,19,Blosum62+F,2
HA,rtree100_bl1.5_rep1,19,Dayhoff+F,3
HA,rtree100_bl1.5_rep1,19,FLU,4
HA,rtree100_bl1.5_rep1,19,mtART,5
HA,rtree100_bl1.5_rep1,20,VT+F+G4,1
HA,rtree100_bl1.5_rep1,20,Blosum62+F,2
HA,rtree100_bl1.5_rep1,20,rtREV+G4,3
HA,rtree100_bl1.5_rep1,20,mtART+F+G4,4
HA,rtree100_bl1.5_rep1,20,mtART,5
HA,rtree100_bl3_rep1,1,PMB+F+G4,1
HA,rtree100_bl3_rep1,1,JTTDCMut+G4,2
HA,rtree100_bl3_rep1,1,Dayhoff+G4,3
HA,rtree100_bl3_rep1,1,DCMut,4
HA,rtree100_bl3_rep1,1,mtART,5
HA,rtree100_bl3_rep1,2,PMB+F+G4,1
HA,rtree100_bl3_rep1,2,JTTDCMut+G4,2
HA,rtree100_bl3_rep1,2,Dayhoff+F,3
HA,rtree100_bl3_rep1,2,HIVb,4
HA,rtree100_bl3_rep1,2,mtART,5
HA,rtree100_bl3_rep1,3,PMB+F+G4,1
HA,rtree100_bl3_rep1,3,JTTDCMut+G4,2
HA,rtree100_bl3_rep1,3,DCMut+F,3
HA,rtree100_bl3_rep1,3,HIVb,4
HA,rtree100_bl3_rep1,3,mtART,5
HA,rtree100_bl3_rep1,4,PMB+F+G4,1
HA,rtree100_bl3_rep1,4,WAG+F,2
HA,rtree100_bl3_rep1,4,Dayhoff+F,3
HA,rtree100_bl3_rep1,4,HIVb,4
HA,rtree100_bl3_rep1,4,mtART,5
HA,rtree100_bl3_rep1,5,PMB+F+G4,1
HA,rtree100_bl3_rep1,5,JTTDCMut+G4,2
HA,rtree100_bl3_rep1,5,Dayhoff+F,3
HA,rtree100_bl3_rep1,5,mtZOA+G4,4
HA,rtree100_bl3_rep1,5,mtART,5
HA,rtree100_bl3_rep1,6,PMB+F+G4,1
HA,rtree100_bl3_rep1,6,cpREV+G4,2
HA,rtree100_bl3_rep1,6,Dayhoff+F,3
HA,rtree100_bl3_rep1,6,mtREV+G4,4
HA,rtree100_bl3_rep1,6,mtART,5
HA,rtree100_bl3_rep1,7,PMB+F+G4,1
HA,rtree100_bl3_rep1,7,JTTDCMut+G4,2
HA,rtree100_bl3_rep1,7,LG+F,3
HA,rtree100_bl3_rep1,7,mtMet+F,4
HA,rtree100_bl3_rep1,7,mtART,5
HA,rtree100_bl3_rep1,8,PMB+F+G4,1
HA,rtree100_bl3_rep1,8,PMB,2
HA,rtree100_bl3_rep1,8,HIVb+G4,3
HA,rtree100_bl3_rep1,8,Dayhoff,4
HA,rtree100_bl3_rep1,8,mtART,5
HA,rtree100_bl3_rep1,9,PMB+F+G4,1
HA,rtree100_bl3_rep1,9,cpREV+G4,2
HA,rtree100_bl3_rep1,9,DCMut+F,3
HA,rtree100_bl3_rep1,9,HIVb,4
HA,rtree100_bl3_rep1,9,mtART,5
HA,rtree100_bl3_rep1,10,PMB+F+G4,1
HA,rtree100_bl3_rep1,10,JTTDCMut+G4,2
HA,rtree100_bl3_rep1,10,Dayhoff+F,3
HA,rtree100_bl3_rep1,10,mtMet+F,4
HA,rtree100_bl3_rep1,10,mtART,5
HA,rtree100_bl3_rep1,11,PMB+F+G4,1
HA,rtree100_bl3_rep1,11,JTTDCMut+G4,2
HA,rtree100_bl3_rep1,11,HIVb+G4,3
HA,rtree100_bl3_rep1,11,HIVb,4
HA,rtree100_bl3_rep1,11,mtART,5
HA,rtree100_bl3_rep1,12,PMB+F+G4,1
HA,rtree100_bl3_rep1,12,PMB,2
HA,rtree100_bl3_rep1,12,HIVb+G4,3
HA,rtree100_bl3_rep1,12,Dayhoff,4
HA,rtree100_bl3_rep1,12,mtART,5
HA,rtree100_bl3_rep1,13,PMB+F+G4,1
HA,rtree100_bl3_rep1,13,PMB,2
HA,rtree100_bl3_rep1,13,HIVw+F+G4,3
HA,rtree100_bl3_rep1,13,mtREV+G4,4
HA,rtree100_bl3_rep1,13,mtART,5
HA,rtree100_bl3_rep1,14,PMB+F+G4,1
HA,rtree100_bl3_rep1,14,JTTDCMut+G4,2
HA,rtree100_bl3_rep1,14,HIVw+F+G4,3
HA,rtree100_bl3_rep1,14,Dayhoff,4
HA,rtree100_bl3_rep1,14,mtART,5
HA,rtree100_bl3_rep1,15,PMB+F+G4,1
HA,rtree100_bl3_rep1,15,PMB,2
HA,rtree100_bl3_rep1,15,mtVer+F+G4,3
HA,rtree100_bl3_rep1,15,mtMet+F,4
HA,rtree100_bl3_rep1,15,mtART,5
HA,rtree100_bl3_rep1,16,PMB+F+G4,1
HA,rtree100_bl3_rep1,16,PMB,2
HA,rtree100_bl3_rep1,16,HIVb+G4,3
HA,rtree100_bl3_rep1,16,Dayhoff,4
HA,rtree100_bl3_rep1,16,mtART,5
HA,rtree100_bl3_rep1,17,PMB+F+G4,1
HA,rtree100_bl3_rep1,17,cpREV+G4,2
HA,rtree100_bl3_rep1,17,mtVer+F+G4,3
HA,rtree100_bl3_rep1,17,Dayhoff,4
HA,rtree100_bl3_rep1,17,mtART,5
HA,rtree100_bl3_rep1,18,PMB+F+G4,1
HA,rtree100_bl3_rep1,18,PMB,2
HA,rtree100_bl3_rep1,18,HIVb+G4,3
HA,rtree100_bl3_rep1,18,HIVb,4
HA,rtree100_bl3_rep1,18,mtART,5
HA,rtree100_bl3_rep1,19,PMB+F+G4,1
HA,rtree100_bl3_rep1,19,mtInv+F+G4,2
HA,rtree100_bl3_rep1,19,WAG,3
HA,rtree100_bl3_rep1,19,DCMut,4
HA,rtree100_bl3_rep1,19,mtART,5
HA,rtree100_bl3_rep1,20,PMB+F+G4,1
HA,rtree100_bl3_rep1,20,JTTDCMut+G4,2
HA,rtree100_bl3_rep1,20,DCMut+F,3
HA,rtree100_bl3_rep1,20,Dayhoff,4
HA,rtree100_bl3_rep1,20,mtART,5
HIV,rtree100_bl0.3_rep1,1,JTT+F+G4,1
HIV,rtree100_bl0.3_rep1,1,VT,2
HIV,rtree100_bl0.3_rep1,1,LG+F+G4,3
HIV,rtree100_bl0.3_rep1,1,rtREV+G4,4
HIV,rtree100_bl0.3_rep1,1,mtART,5
HIV,rtree100_bl0.3_rep1,2,JTT+F+G4,1
HIV,rtree100_bl0.3_rep1,2,VT,2
HIV,rtree100_bl0.3_rep1,2,Dayhoff+G4,3
HIV,rtree100_bl0.3_rep1,2,rtREV+G4,4
HIV,rtree100_bl0.3_rep1,2,mtART,5
HIV,rtree100_bl0.3_rep1,3,JTT+F+G4,1
HIV,rtree100_bl0.3_rep1,3,VT,2
HIV,rtree100_bl0.3_rep1,3,mtMet+F+G4,3
HIV,rtree100_bl0.3_rep1,3,mtREV+F,4
HIV,rtree100_bl0.3_rep1,3,mtART,5
HIV,rtree100_bl0.3_rep1,4,JTT+F+G4,1
HIV,rtree100_bl0.3_rep1,4,WAG,2
HIV,rtree100_bl0.3_rep1,4,HIVw+G4,3
HIV,rtree100_bl0.3_rep1,4,rtREV+G4,4
HIV,rtree100_bl0.3_rep1,4,mtART,5
HIV,rtree100_bl0.3_rep1,5,JTT+F+G4,1
HIV,rtree100_bl0.3_rep1,5,VT,2
HIV,rtree100_bl0.3_rep1,5,Dayhoff+G4,3
HIV,rtree100_bl0.3_rep1,5,rtREV+G4,4
HIV,rtree100_bl0.3_rep1,5,mtART,5
HIV,rtree100_bl0.3_rep1,6,JTT+F+G4,1
HIV,rtree100_bl0.3_rep1,6,VT,2
HIV,rtree100_bl0.3_rep1,6,mtVer+F+G4,3
HIV,rtree100_bl0.3_rep1,6,rtREV+G4,4
HIV,rtree100_bl0.3_rep1,6,mtART,5
HIV,rtree100_bl0.3_rep1,7,JTT+F+G4,1
HIV,rtree100_bl0.3_rep1,7,HIVw+F,2
HIV,rtree100_bl0.3_rep1,7,FLU+G4,3
HIV,rtree100_bl0.3_rep1,7,rtREV+G4,4
HIV,rtree100_bl0.3_rep1,7,mtART,5
HIV,rtree100_bl0.3_rep1,8,JTT+F+G4,1
HIV,rtree100_bl0.3_rep1,8,cpREV+F+G4,2
HIV,rtree100_bl0.3_rep1,8,HIVw+G4,3
HIV,rtree100_bl0.3_rep1,8,mtREV+F,4
HIV,rtree100_bl0.3_rep1,8,mtART,5
HIV,rtree100_bl0.3_rep1,9,JTT+F+G4,1
HIV,rtree100_bl0.3_rep1,9,HIVw+F,2
HIV,rtree100_bl0.3_rep1,9,HIVw+G4,3
HIV,rtree100_bl0.3_rep1,9,rtREV+G4,4
HIV,rtree100_bl0.3_rep1,9,mtART,5
HIV,rtree100_bl0.3_rep1,10,JTT+F+G4,1
HIV,rtree100_bl0.3_rep1,10,VT,2
HIV,rtree100_bl0.3_rep1,10,LG+F,3
HIV,rtree100_bl0.3_rep1,10,rtREV+G4,4
HIV,rtree100_bl0.3_rep1,10,mtART,5
HIV,rtree100_bl0.3_rep1,11,JTT+F+G4,1
HIV,rtree100_bl0.3_rep1,11,WAG,2
HIV,rtree100_bl0.3_rep1,11,HIVw+G4,3
HIV,rtree100_bl0.3_rep1,11,rtREV+G4,4
HIV,rtree100_bl0.3_rep1,11,mtART,5
HIV,rtree100_bl0.3_rep1,12,JTT+F+G4,1
HIV,rtree100_bl0.3_rep1,12,cpREV+F+G4,2
HIV,rtree100_bl0.3_rep1,12,DCMut+G4,3
HIV,rtree100_bl0.3_rep1,12,rtREV+G4,4
HIV,rtree100_bl0.3_rep1,12,mtART,5
HIV,rtree100_bl0.3_rep1,13,JTT+F+G4,1
HIV,rtree100_bl0.3_rep1,13,HIVw+F,2
HIV,rtree100_bl0.3_rep1,13,Dayhoff+G4,3
HIV,rtree100_bl0.3_rep1,13,rtREV+G4,4
HIV,rtree100_bl0.3_rep1,13,mtART,5
HIV,rtree100_bl0.3_rep1,14,JTT+F+G4,1
HIV,rtree100_bl0.3_rep1,14,WAG,2
HIV,rtree100_bl0.3_rep1,14,DCMut+G4,3
HIV,rtree100_bl0.3_rep1,14,rtREV+G4,4
HIV,rtree100_bl0.3_rep1,14,mtART,5
HIV,rtree100_bl0.3_rep1,15,JTT+F+G4,1
HIV,rtree100_bl0.3_rep1,15,VT,2
HIV,rtree100_bl0.3_rep1,15,Dayhoff+G4,3
HIV,rtree100_bl0.3_rep1,15,mtREV+F,4
HIV,rtree100_bl0.3_rep1,15,mtART,5
HIV,rtree100_bl0.3_rep1,16,JTT+F+G4,1
HIV,rtree100_bl0.3_rep1,16,HIVw+F,2
HIV,rtree100_bl0.3_rep1,16,DCMut+G4,3
HIV,rtree100_bl0.3_rep1,16,rtREV+G4,4
HIV,rtree100_bl0.3_rep1,16,mtART,5
HIV,rtree100_bl0.3_rep1,17,JTT+F+G4,1
HIV,rtree100_bl0.3_rep1,17,WAG,2
HIV,rtree100_bl0.3_rep1,17,DCMut+G4,3
HIV,rtree100_bl0.3_rep1,17,rtREV+G4,4
HIV,rtree100_bl0.3_rep1,17,mtART,5
HIV,rtree100_bl0.3_rep1,18,JTT+F+G4,1
HIV,rtree100_bl0.3_rep1,18,WAG,2
HIV,rtree100_bl0.3_rep1,18,mtVer+F+G4,3
HIV,rtree100_bl0.3_rep1,18,rtREV+G4,4
HIV,rtree100_bl0.3_rep1,18,mtART,5
HIV,rtree100_bl0.3_rep1,19,JTT+F+G4,1
HIV,rtree100_bl0.3_rep1,19,HIVw+F,2
HIV,rtree100_bl0.3_rep1,19,LG+F+G4,3
HIV,rtree100_bl0.3_rep1,19,rtREV+G4,4
HIV,rtree100_bl0.3_rep1,19,mtART,5
HIV,rtree100_bl0.3_rep1,20,JTT+F+I+G4,1
HIV,rtree100_bl0.3_rep1,20,HIVw+F+I,2
HIV,rtree100_bl0.3_rep1,20,DCMut+I+G4,3
HIV,rtree100_bl0.3_rep1,20,rtREV+G4,4
HIV,rtree100_bl0.3_rep1,20,mtART,5
HIV,rtree100_bl1.5_rep1,1,VT+F+G4,1
HIV,rtree100_bl1.5_rep1,1,DCMut+F,2
HIV,rtree100_bl1.5_rep1,1,HIVb+G4,3
HIV,rtree100_bl1.5_rep1,1,DCMut,4
HIV,rtree100_bl1.5_rep1,1,mtART,5
HIV,rtree100_bl1.5_rep1,2,VT+F+G4,1
HIV,rtree100_bl1.5_rep1,2,cpREV+F,2
HIV,rtree100_bl1.5_rep1,2,HIVb+G4,3
HIV,rtree100_bl1.5_rep1,2,mtZOA+F,4
HIV,rtree100_bl1.5_rep1,2,mtART,5
HIV,rtree100_bl1.5_rep1,3,VT+F+G4,1
HIV,rtree100_bl1.5_rep1,3,JTT+G4,2
HIV,rtree100_bl1.5_rep1,3,Blosum62,3
HIV,rtree100_bl1.5_rep1,3,mtZOA+F,4
HIV,rtree100_bl1.5_rep1,3,mtART,5
HIV,rtree100_bl1.5_rep1,4,VT+F+G4,1
HIV,rtree100_bl1.5_rep1,4,FLU+F+G4,2
HIV,rtree100_bl1.5_rep1,4,HIVb+G4,3
HIV,rtree100_bl1.5_rep1,4,DCMut,4
HIV,rtree100_bl1.5_rep1,4,mtART,5
HIV,rtree100_bl1.5_rep1,5,VT+F+G4,1
HIV,rtree100_bl1.5_rep1,5,JTTDCMut+G4,2
HIV,rtree100_bl1.5_rep1,5,HIVb+G4,3
HIV,rtree100_bl1.5_rep1,5,DCMut,4
HIV,rtree100_bl1.5_rep1,5,mtART,5
HIV,rtree100_bl1.5_rep1,6,VT+F+G4,1
HIV,rtree100_bl1.5_rep1,6,JTTDCMut+G4,2
HIV,rtree100_bl1.5_rep1,6,HIVb+G4,3
HIV,rtree100_bl1.5_rep1,6,DCMut,4
HIV,rtree100_bl1.5_rep1,6,mtART,5
HIV,rtree100_bl1.5_rep1,7,VT+F+G4,1
HIV,rtree100_bl1.5_rep1,7,JTTDCMut+G4,2
HIV,rtree100_bl1.5_rep1,7,rtREV+F,3
HIV,rtree100_bl1.5_rep1,7,Dayhoff,4
HIV,rtree100_bl1.5_rep1,7,mtART,5
HIV,rtree100_bl1.5_rep1,8,VT+F+G4,1
HIV,rtree100_bl1.5_rep1,8,FLU+F+G4,2
HIV,rtree100_bl1.5_rep1,8,HIVb+G4,3
HIV,rtree100_bl1.5_rep1,8,Dayhoff,4
HIV,rtree100_bl1.5_rep1,8,mtART,5
HIV,rtree100_bl1.5_rep1,9,VT+F+G4,1
HIV,rtree100_bl1.5_rep1,9,JTTDCMut+G4,2
HIV,rtree100_bl1.5_rep1,9,rtREV+F,3
HIV,rtree100_bl1.5_rep1,9,DCMut,4
HIV,rtree100_bl1.5_rep1,9,mtART,5
HIV,rtree100_bl1.5_rep1,10,VT+F+G4,1
HIV,rtree100_bl1.5_rep1,10,mtInv+F+G4,2
HIV,rtree100_bl1.5_rep1,10,FLU+F,3
HIV,rtree100_bl1.5_rep1,10,mtZOA+F,4
HIV,rtree100_bl1.5_rep1,10,mtART,5
HIV,rtree100_bl1.5_rep1,11,VT+F+G4,1
HIV,rtree100_bl1.5_rep1,11,cpREV+F,2
HIV,rtree100_bl1.5_rep1,11,HIVb+G4,3
HIV,rtree100_bl1.5_rep1,11,DCMut,4
HIV,rtree100_bl1.5_rep1,11,mtART,5
HIV,rtree100_bl1.5_rep1,12,VT+F+G4,1
HIV,rtree100_bl1.5_rep1,12,mtInv+F+G4,2
HIV,rtree100_bl1.5_rep1,12,FLU+F,3
HIV,rtree100_bl1.5_rep1,12,DCMut,4
HIV,rtree100_bl1.5_rep1,12,mtART,5
HIV,rtree100_bl1.5_rep1,13,VT+F+G4,1
HIV,rtree100_bl1.5_rep1,13,DCMut+F,2
HIV,rtree100_bl1.5_rep1,13,JTTDCMut,3
HIV,rtree100_bl1.5_rep1,13,DCMut,4
HIV,rtree100_bl1.5_rep1,13,mtART,5
HIV,rtree100_bl1.5_rep1,14,VT+F+G4,1
HIV,rtree100_bl1.5_rep1,14,HIVb+F,2
HIV,rtree100_bl1.5_rep1,14,HIVb+G4,3
HIV,rtree100_bl1.5_rep1,14,mtZOA+F,4
HIV,rtree100_bl1.5_rep1,14,mtART,5
HIV,rtree100_bl1.5_rep1,15,VT+F+G4,1
HIV,rtree100_bl1.5_rep1,15,cpREV+F,2
HIV,rtree100_bl1.5_rep1,15,JTTDCMut,3
HIV,rtree100_bl1.5_rep1,15,mtZOA+F,4
HIV,rtree100_bl1.5_rep1,15,mtART,5
HIV,rtree100_bl1.5_rep1,16,VT+F+G4,1
HIV,rtree100_bl1.5_rep1,16,mtInv+F+G4,2
HIV,rtree100_bl1.5_rep1,16,JTTDCMut,3
HIV,rtree100_bl1.5_rep1,16,DCMut,4
HIV,rtree100_bl1.5_rep1,16,mtART,5
HIV,rtree100_bl1.5_rep1,17,VT+F+G4,1
HIV,rtree100_bl1.5_rep1,17,cpREV+F,2
HIV,rtree100_bl1.5_rep1,17,HIVb+G4,3
HIV,rtree100_bl1.5_rep1,17,mtZOA+F,4
HIV,rtree100_bl1.5_rep1,17,mtART,5
HIV,rtree100_bl1.5_rep1,18,VT+F+G4,1
HIV,rtree100_bl1.5_rep1,18,cpREV+F,2
HIV,rtree100_bl1.5_rep1,18,JTTDCMut,3
HIV,rtree100_bl1.5_rep1,18,mtZOA+F,4
HIV,rtree100_bl1.5_rep1,18,mtART,5
HIV,rtree100_bl1.5_rep1,19,VT+F+G4,1
HIV,rtree100_bl1.5_rep1,19,JTTDCMut+G4,2
HIV,rtree100_bl1.5_rep1,19,HIVb+G4,3
HIV,rtree100_bl1.5_rep1,19,DCMut,4
HIV,rtree100_bl1.5_rep1,19,mtART,5
HIV,rtree100_bl1.5_rep1,20,VT+F+G4,1
HIV,rtree100_bl1.5_rep1,20,cpREV+F,2
HIV,rtree100_bl1.5_rep1,20,JTTDCMut,3
HIV,rtree100_bl1.5_rep1,20,mtZOA+F,4
HIV,rtree100_bl1.5_rep1,20,mtART,5
HIV,rtree100_bl3_rep1,1,VT+F+G4,1
HIV,rtree100_bl3_rep1,1,JTTDCMut+F,2
HIV,rtree100_bl3_rep1,1,cpREV+G4,3
HIV,rtree100_bl3_rep1,1,FLU+G4,4
HIV,rtree100_bl3_rep1,1,mtInv,5
HIV,rtree100_bl3_rep1,2,PMB+F+G4,1
HIV,rtree100_bl3_rep1,2,JTTDCMut+F,2
HIV,rtree100_bl3_rep1,2,WAG+G4,3
HIV,rtree100_bl3_rep1,2,FLU+G4,4
HIV,rtree100_bl3_rep1,2,mtInv,5
HIV,rtree100_bl3_rep1,3,PMB+F+G4,1
HIV,rtree100_bl3_rep1,3,mtVer+F+G4,2
HIV,rtree100_bl3_rep1,3,FLU+F,3
HIV,rtree100_bl3_rep1,3,FLU+G4,4
HIV,rtree100_bl3_rep1,3,mtInv,5
HIV,rtree100_bl3_rep1,4,PMB+F+G4,1
HIV,rtree100_bl3_rep1,4,JTTDCMut+F,2
HIV,rtree100_bl3_rep1,4,cpREV+G4,3
HIV,rtree100_bl3_rep1,4,FLU+G4,4
HIV,rtree100_bl3_rep1,4,mtInv,5
HIV,rtree100_bl3_rep1,5,VT+F+G4,1
HIV,rtree100_bl3_rep1,5,JTTDCMut+F,2
HIV,rtree100_bl3_rep1,5,mtInv+F,3
HIV,rtree100_bl3_rep1,5,FLU+G4,4
HIV,rtree100_bl3_rep1,5,mtInv,5
HIV,rtree100_bl3_rep1,6,PMB+F+G4,1
HIV,rtree100_bl3_rep1,6,JTTDCMut+F,2
HIV,rtree100_bl3_rep1,6,WAG+G4,3
HIV,rtree100_bl3_rep1,6,FLU+G4,4
HIV,rtree100_bl3_rep1,6,mtInv,5
HIV,rtree100_bl3_rep1,7,PMB+F+G4,1
HIV,rtree100_bl3_rep1,7,JTTDCMut+F,2
HIV,rtree100_bl3_rep1,7,mtInv+F,3
HIV,rtree100_bl3_rep1,7,FLU+G4,4
HIV,rtree100_bl3_rep1,7,mtInv,5
HIV,rtree100_bl3_rep1,8,PMB+F+G4,1
HIV,rtree100_bl3_rep1,8,JTTDCMut+F,2
HIV,rtree100_bl3_rep1,8,FLU+F,3
HIV,rtree100_bl3_rep1,8,mtART+F,4
HIV,rtree100_bl3_rep1,8,mtInv,5
HIV,rtree100_bl3_rep1,9,PMB+F+G4,1
HIV,rtree100_bl3_rep1,9,JTTDCMut+F,2
HIV,rtree100_bl3_rep1,9,mtART+F+G4,3
HIV,rtree100_bl3_rep1,9,FLU+G4,4
HIV,rtree100_bl3_rep1,9,mtInv,5
HIV,rtree100_bl3_rep1,10,VT+F+G4,1
HIV,rtree100_bl3_rep1,10,mtVer+F+G4,2
HIV,rtree100_bl3_rep1,10,mtInv+F,3
HIV,rtree100_bl3_rep1,10,LG,4
HIV,rtree100_bl3_rep1,10,mtInv,5
HIV,rtree100_bl3_rep1,11,PMB+F+G4,1
HIV,rtree100_bl3_rep1,11,JTT+F,2
HIV,rtree100_bl3_rep1,11,mtMet+F,3
HIV,rtree100_bl3_rep1,11,HIVb,4
HIV,rtree100_bl3_rep1,11,mtInv,5
HIV,rtree100_bl3_rep1,12,PMB+F+G4,1
HIV,rtree100_bl3_rep1,12,mtVer+F+G4,2
HIV,rtree100_bl3_rep1,12,mtREV+F,3
HIV,rtree100_bl3_rep1,12,LG,4
HIV,rtree100_bl3_rep1,12,mtInv,5
HIV,rtree100_bl3_rep1,13,PMB+F+G4,1
HIV,rtree100_bl3_rep1,13,JTTDCMut+F,2
HIV,rtree100_bl3_rep1,13,mtREV+F,3
HIV,rtree100_bl3_rep1,13,FLU+G4,4
HIV,rtree100_bl3_rep1,13,mtInv,5
HIV,rtree100_bl3_rep1,14,PMB+F+G4,1
HIV,rtree100_bl3_rep1,14,mtVer+F+G4,2
HIV,rtree100_bl3_rep1,14,mtREV+F,3
HIV,rtree100_bl3_rep1,14,mtART+F,4
HIV,rtree100_bl3_rep1,14,mtInv,5
HIV,rtree100_bl3_rep1,15,PMB+F+G4,1
HIV,rtree100_bl3_rep1,15,JTTDCMut+F,2
HIV,rtree100_bl3_rep1,15,mtInv+F,3
HIV,rtree100_bl3_rep1,15,FLU+G4,4
HIV,rtree100_bl3_rep1,15,mtInv,5
HIV,rtree100_bl3_rep1,16,PMB+F+G4,1
HIV,rtree100_bl3_rep1,16,JTTDCMut+F,2
HIV,rtree100_bl3_rep1,16,WAG+G4,3
HIV,rtree100_bl3_rep1,16,FLU+G4,4
HIV,rtree100_bl3_rep1,16,mtInv,5
HIV,rtree100_bl3_rep1,17,PMB+F+G4,1
HIV,rtree100_bl3_rep1,17,JTTDCMut+F,2
HIV,rtree100_bl3_rep1,17,mtREV+F,3
HIV,rtree100_bl3_rep1,17,FLU+G4,4
HIV,rtree100_bl3_rep1,17,mtInv,5
HIV,rtree100_bl3_rep1,18,PMB+F+G4,1
HIV,rtree100_bl3_rep1,18,JTTDCMut+F,2
HIV,rtree100_bl3_rep1,18,cpREV+G4,3
HIV,rtree100_bl3_rep1,18,FLU+G4,4
HIV,rtree100_bl3_rep1,18,mtInv,5
HIV,rtree100_bl3_rep1,19,PMB+F+G4,1
HIV,rtree100_bl3_rep1,19,mtVer+F+G4,2
HIV,rtree100_bl3_rep1,19,cpREV+G4,3
HIV,rtree100_bl3_rep1,19,FLU+G4,4
HIV,rtree100_bl3_rep1,19,mtInv,5
HIV,rtree100_bl3_rep1,20,PMB+F+G4,1
HIV,rtree100_bl3_rep1,20,JTTDCMut+F,2
HIV,rtree100_bl3_rep1,20,FLU+F,3
HIV,rtree100_bl3_rep1,20,FLU+G4,4
HIV,rtree100_bl3_rep1,20,mtInv,5
Gal4,rtree100_bl0.3_rep1,1,JTT+I+G4,1
Gal4,rtree100_bl0.3_rep1,1,DCMut+F+G4,2
Gal4,rtree100_bl0.3_rep1,1,rtREV+F+I+G4,3
Gal4,rtree100_bl0.3_rep1,1,PMB+F,4
Gal4,rtree100_bl0.3_rep1,1,mtART,5
Gal4,rtree100_bl0.3_rep1,2,JTT+I+G4,1
Gal4,rtree100_bl0.3_rep1,2,cpREV+F+G4,2
Gal4,rtree100_bl0.3_rep1,2,PMB+F+I,3
Gal4,rtree100_bl0.3_rep1,2,mtREV+F,4
Gal4,rtree100_bl0.3_rep1,2,mtART,5
Gal4,rtree100_bl0.3_rep1,3,JTT+I+G4,1
Gal4,rtree100_bl0.3_rep1,3,PMB+I+G4,2
Gal4,rtree100_bl0.3_rep1,3,cpREV+F,3
Gal4,rtree100_bl0.3_rep1,3,mtREV+G4,4
Gal4,rtree100_bl0.3_rep1,3,mtART+I,5
Gal4,rtree100_bl0.3_rep1,4,JTT+I+G4,1
Gal4,rtree100_bl0.3_rep1,4,cpREV+F+I+G4,2
Gal4,rtree100_bl0.3_rep1,4,VT+F,3
Gal4,rtree100_bl0.3_rep1,4,DCMut+I,4
Gal4,rtree100_bl0.3_rep1,4,mtART,5
Gal4,rtree100_bl0.3_rep1,5,JTT+I+G4,1
Gal4,rtree100_bl0.3_rep1,5,FLU+F+I+G4,2
Gal4,rtree100_bl0.3_rep1,5,VT,3
Gal4,rtree100_bl0.3_rep1,5,DCMut+F,4
Gal4,rtree100_bl0.3_rep1,5,mtART,5
Gal4,rtree100_bl0.3_rep1,6,JTT+I+G4,1
Gal4,rtree100_bl0.3_rep1,6,LG+F+I+G4,2
Gal4,rtree100_bl0.3_rep1,6,mtMet+G4,3
Gal4,rtree100_bl0.3_rep1,6,cpREV+F,4
Gal4,rtree100_bl0.3_rep1,6,mtART,5
Gal4,rtree100_bl0.3_rep1,7,JTT+I+G4,1
Gal4,rtree100_bl0.3_rep1,7,FLU+G4,2
Gal4,rtree100_bl0.3_rep1,7,mtInv+F+I,3
Gal4,rtree100_bl0.3_rep1,7,Blosum62+F,4
Gal4,rtree100_bl0.3_rep1,7,mtART,5
Gal4,rtree100_bl0.3_rep1,8,JTT+G4,1
Gal4,rtree100_bl0.3_rep1,8,PMB+F+I+G4,2
Gal4,rtree100_bl0.3_rep1,8,rtREV+G4,3
Gal4,rtree100_bl0.3_rep1,8,mtREV+G4,4
Gal4,rtree100_bl0.3_rep1,8,mtART,5
Gal4,rtree100_bl0.3_rep1,9,JTT+G4,1
Gal4,rtree100_bl0.3_rep1,9,JTTDCMut+F,2
Gal4,rtree100_bl0.3_rep1,9,rtREV+G4,3
Gal4,rtree100_bl0.3_rep1,9,mtREV+G4,4
Gal4,rtree100_bl0.3_rep1,9,mtART,5
Gal4,rtree100_bl0.3_rep1,10,JTT+I+G4,1
Gal4,rtree100_bl0.3_rep1,10,LG+F+I+G4,2
Gal4,rtree100_bl0.3_rep1,10,rtREV+G4,3
Gal4,rtree100_bl0.3_rep1,10,cpREV+F,4
Gal4,rtree100_bl0.3_rep1,10,mtART,5
Gal4,rtree100_bl0.3_rep1,11,JTT+G4,1
Gal4,rtree100_bl0.3_rep1,11,DCMut+F+G4,2
Gal4,rtree100_bl0.3_rep1,11,mtMet+G4,3
Gal4,rtree100_bl0.3_rep1,11,DCMut,4
Gal4,rtree100_bl0.3_rep1,11,mtART,5
Gal4,rtree100_bl0.3_rep1,12,JTT+I+G4,1
Gal4,rtree100_bl0.3_rep1,12,LG+F+G4,2
Gal4,rtree100_bl0.3_rep1,12,mtInv+F+I,3
Gal4,rtree100_bl0.3_rep1,12,mtMAM+F+G4,4
Gal4,rtree100_bl0.3_rep1,12,mtART,5
Gal4,rtree100_bl0.3_rep1,13,HIVb+I+G4,1
Gal4,rtree100_bl0.3_rep1,13,JTTDCMut,2
Gal4,rtree100_bl0.3_rep1,13,mtREV+F+G4,3
Gal4,rtree100_bl0.3_rep1,13,Dayhoff,4
Gal4,rtree100_bl0.3_rep1,13,mtART,5
Gal4,rtree100_bl0.3_rep1,14,JTT+G4,1
Gal4,rtree100_bl0.3_rep1,14,JTT+F,2
Gal4,rtree100_bl0.3_rep1,14,PMB,3
Gal4,rtree100_bl0.3_rep1,14,FLU,4
Gal4,rtree100_bl0.3_rep1,14,mtART,5
Gal4,rtree100_bl0.3_rep1,15,JTT+I+G4,1
Gal4,rtree100_bl0.3_rep1,15,FLU+I+G4,2
Gal4,rtree100_bl0.3_rep1,15,WAG,3
Gal4,rtree100_bl0.3_rep1,15,Dayhoff,4
Gal4,rtree100_bl0.3_rep1,15,mtART,5
Gal4,rtree100_bl0.3_rep1,16,JTT+G4,1
Gal4,rtree100_bl0.3_rep1,16,HIVw+F+G4,2
Gal4,rtree100_bl0.3_rep1,16,Dayhoff+F,3
Gal4,rtree100_bl0.3_rep1,16,mtVer+I+G4,4
Gal4,rtree100_bl0.3_rep1,16,mtART,5
Gal4,rtree100_bl0.3_rep1,17,JTT+I+G4,1
Gal4,rtree100_bl0.3_rep1,17,HIVw+F+I+G4,2
Gal4,rtree100_bl0.3_rep1,17,mtMet+G4,3
Gal4,rtree100_bl0.3_rep1,17,HIVw+F,4
Gal4,rtree100_bl0.3_rep1,17,mtART,5
Gal4,rtree100_bl0.3_rep1,18,JTT+I+G4,1
Gal4,rtree100_bl0.3_rep1,18,LG+G4,2
Gal4,rtree100_bl0.3_rep1,18,mtInv+I+G4,3
Gal4,rtree100_bl0.3_rep1,18,mtInv+F,4
Gal4,rtree100_bl0.3_rep1,18,mtART,5
Gal4,rtree100_bl0.3_rep1,19,JTT+I+G4,1
Gal4,rtree100_bl0.3_rep1,19,mtInv+F+I+G4,2
Gal4,rtree100_bl0.3_rep1,19,mtREV+F+G4,3
Gal4,rtree100_bl0.3_rep1,19,Blosum62+F,4
Gal4,rtree100_bl0.3_rep1,19,mtART,5
Gal4,rtree100_bl0.3_rep1,20,JTT+I+G4,1
Gal4,rtree100_bl0.3_rep1,20,mtVer+F+G4,2
Gal4,rtree100_bl0.3_rep1,20,rtREV+F+G4,3
Gal4,rtree100_bl0.3_rep1,20,HIVw+F,4
Gal4,rtree100_bl0.3_rep1,20,mtART,5
Gal4,rtree100_bl1.5_rep1,1,PMB+G4,1
Gal4,rtree100_bl1.5_rep1,1,rtREV+F+G4,2
Gal4,rtree100_bl1.5_rep1,1,mtMAM+F+G4,3
Gal4,rtree100_bl1.5_rep1,1,mtInv+F,4
Gal4,rtree100_bl1.5_rep1,1,mtART,5
Gal4,rtree100_bl1.5_rep1,2,JTTDCMut+F+G4,1
Gal4,rtree100_bl1.5_rep1,2,mtInv+F+G4,2
Gal4,rtree100_bl1.5_rep1,2,mtART+F+G4,3
Gal4,rtree100_bl1.5_rep1,2,cpREV+F,4
Gal4,rtree100_bl1.5_rep1,2,mtART,5
Gal4,rtree100_bl1.5_rep1,3,JTT+G4,1
Gal4,rtree100_bl1.5_rep1,3,HIVw+F+G4,2
Gal4,rtree100_bl1.5_rep1,3,WAG+F,3
Gal4,rtree100_bl1.5_rep1,3,rtREV+F,4
Gal4,rtree100_bl1.5_rep1,3,mtART,5
Gal4,rtree100_bl1.5_rep1,4,VT+F+G4,1
Gal4,rtree100_bl1.5_rep1,4,HIVb+G4,2
Gal4,rtree100_bl1.5_rep1,4,JTT,3
Gal4,rtree100_bl1.5_rep1,4,HIVb,4
Gal4,rtree100_bl1.5_rep1,4,mtART,5
Gal4,rtree100_bl1.5_rep1,5,PMB+G4,1
Gal4,rtree100_bl1.5_rep1,5,mtInv+F+G4,2
Gal4,rtree100_bl1.5_rep1,5,WAG,3
Gal4,rtree100_bl1.5_rep1,5,mtMAM+G4,4
Gal4,rtree100_bl1.5_rep1,5,mtART,5
Gal4,rtree100_bl1.5_rep1,6,VT+F+G4,1
Gal4,rtree100_bl1.5_rep1,6,rtREV+F+G4,2
Gal4,rtree100_bl1.5_rep1,6,JTTDCMut,3
Gal4,rtree100_bl1.5_rep1,6,HIVb+F,4
Gal4,rtree100_bl1.5_rep1,6,mtART,5
Gal4,rtree100_bl1.5_rep1,7,PMB+I+G4,1
Gal4,rtree100_bl1.5_rep1,7,mtInv+F+G4,2
Gal4,rtree100_bl1.5_rep1,7,JTT,3
Gal4,rtree100_bl1.5_rep1,7,FLU+F+I,4
Gal4,rtree100_bl1.5_rep1,7,mtART,5
Gal4,rtree100_bl1.5_rep1,8,PMB+G4,1
Gal4,rtree100_bl1.5_rep1,8,HIVb+F+G4,2
Gal4,rtree100_bl1.5_rep1,8,JTT+F,3
Gal4,rtree100_bl1.5_rep1,8,mtMet+F,4
Gal4,rtree100_bl1.5_rep1,8,mtART,5
Gal4,rtree100_bl1.5_rep1,9,PMB+G4,1
Gal4,rtree100_bl1.5_rep1,9,mtREV+F+G4,2
Gal4,rtree100_bl1.5_rep1,9,Blosum62,3
Gal4,rtree100_bl1.5_rep1,9,Dayhoff,4
Gal4,rtree100_bl1.5_rep1,9,mtART,5
Gal4,rtree100_bl1.5_rep1,10,JTT+F+G4,1
Gal4,rtree100_bl1.5_rep1,10,LG+G4,2
Gal4,rtree100_bl1.5_rep1,10,mtMAM+F+G4,3
Gal4,rtree100_bl1.5_rep1,10,mtREV+F,4
Gal4,rtree100_bl1.5_rep1,10,mtART,5
Gal4,rtree100_bl1.5_rep1,11,JTT+G4,1
Gal4,rtree100_bl1.5_rep1,11,mtInv+F+G4,2
Gal4,rtree100_bl1.5_rep1,11,JTTDCMut,3
Gal4,rtree100_bl1.5_rep1,11,mtMet+F,4
Gal4,rtree100_bl1.5_rep1,11,mtART,5
Gal4,rtree100_bl1.5_rep1,12,VT+F+G4,1
Gal4,rtree100_bl1.5_rep1,12,LG+G4,2
Gal4,rtree100_bl1.5_rep1,12,JTT,3
Gal4,rtree100_bl1.5_rep1,12,FLU+F,4
Gal4,rtree100_bl1.5_rep1,12,mtART,5
Gal4,rtree100_bl1.5_rep1,13,VT+F+G4,1
Gal4,rtree100_bl1.5_rep1,13,HIVb+G4,2
Gal4,rtree100_bl1.5_rep1,13,JTTDCMut+F,3
Gal4,rtree100_bl1.5_rep1,13,Dayhoff,4
Gal4,rtree100_bl1.5_rep1,13,mtART,5
Gal4,rtree100_bl1.5_rep1,14,VT+F+G4,1
Gal4,rtree100_bl1.5_rep1,14,mtInv+F+G4,2
Gal4,rtree100_bl1.5_rep1,14,VT,3
Gal4,rtree100_bl1.5_rep1,14,cpREV+F,4
Gal4,rtree100_bl1.5_rep1,14,mtART,5
Gal4,rtree100_bl1.5_rep1,15,VT+F+I+G4,1
Gal4,rtree100_bl1.5_rep1,15,HIVb+G4,2
Gal4,rtree100_bl1.5_rep1,15,mtREV+G4,3
Gal4,rtree100_bl1.5_rep1,15,cpREV,4
Gal4,rtree100_bl1.5_rep1,15,mtART,5
Gal4,rtree100_bl1.5_rep1,16,VT+F+G4,1
Gal4,rtree100_bl1.5_rep1,16,mtInv+F+G4,2
Gal4,rtree100_bl1.5_rep1,16,mtMAM+F+G4,3
Gal4,rtree100_bl1.5_rep1,16,rtREV+F,4
Gal4,rtree100_bl1.5_rep1,16,mtART,5
Gal4,rtree100_bl1.5_rep1,17,VT+F+G4,1
Gal4,rtree100_bl1.5_rep1,17,HIVb+F+G4,2
Gal4,rtree100_bl1.5_rep1,17,JTT+F,3
Gal4,rtree100_bl1.5_rep1,17,mtREV+F,4
Gal4,rtree100_bl1.5_rep1,17,mtART,5
Gal4,rtree100_bl1.5_rep1,18,VT+F+G4,1
Gal4,rtree100_bl1.5_rep1,18,rtREV+F+G4,2
Gal4,rtree100_bl1.5_rep1,18,mtREV+G4,3
Gal4,rtree100_bl1.5_rep1,18,rtREV+F,4
Gal4,rtree100_bl1.5_rep1,18,mtART,5
Gal4,rtree100_bl1.5_rep1,19,PMB+G4,1
Gal4,rtree100_bl1.5_rep1,19,FLU+F+G4,2
Gal4,rtree100_bl1.5_rep1,19,mtMAM+F+G4,3
Gal4,rtree100_bl1.5_rep1,19,rtREV,4
Gal4,rtree100_bl1.5_rep1,19,mtART,5
Gal4,rtree100_bl1.5_rep1,20,JTT+G4,1
Gal4,rtree100_bl1.5_rep1,20,rtREV+F+G4,2
Gal4,rtree100_bl1.5_rep1,20,WAG+F,3
Gal4,rtree100_bl1.5_rep1,20,mtInv+F,4
Gal4,rtree100_bl1.5_rep1,20,mtART,5
Gal4,rtree100_bl3_rep1,1,PMB+G4,1
Gal4,rtree100_bl3_rep1,1,rtREV+G4,2
Gal4,rtree100_bl3_rep1,1,mtZOA+G4,3
Gal4,rtree100_bl3_rep1,1,mtInv+F,4
Gal4,rtree100_bl3_rep1,1,mtART,5
Gal4,rtree100_bl3_rep1,2,PMB+G4,1
Gal4,rtree100_bl3_rep1,2,mtMet+F+G4,2
Gal4,rtree100_bl3_rep1,2,VT,3
Gal4,rtree100_bl3_rep1,2,mtREV+F,4
Gal4,rtree100_bl3_rep1,2,mtART,5
Gal4,rtree100_bl3_rep1,3,PMB+G4,1
Gal4,rtree100_bl3_rep1,3,mtREV+F+G4,2
Gal4,rtree100_bl3_rep1,3,mtREV+G4,3
Gal4,rtree100_bl3_rep1,3,mtMAM+G4,4
Gal4,rtree100_bl3_rep1,3,mtMAM,5
Gal4,rtree100_bl3_rep1,4,PMB+G4,1
Gal4,rtree100_bl3_rep1,4,mtREV+F+G4,2
Gal4,rtree100_bl3_rep1,4,mtREV+G4,3
Gal4,rtree100_bl3_rep1,4,cpREV+F,4
Gal4,rtree100_bl3_rep1,4,mtART,5
Gal4,rtree100_bl3_rep1,5,PMB+G4,1
Gal4,rtree100_bl3_rep1,5,rtREV+G4,2
Gal4,rtree100_bl3_rep1,5,WAG+F,3
Gal4,rtree100_bl3_rep1,5,DCMut,4
Gal4,rtree100_bl3_rep1,5,mtART,5
Gal4,rtree100_bl3_rep1,6,PMB+F+G4,1
Gal4,rtree100_bl3_rep1,6,FLU+F+G4,2
Gal4,rtree100_bl3_rep1,6,JTT+F,3
Gal4,rtree100_bl3_rep1,6,HIVw+G4,4
Gal4,rtree100_bl3_rep1,6,mtART,5
Gal4,rtree100_bl3_rep1,7,PMB+G4,1
Gal4,rtree100_bl3_rep1,7,HIVb+G4,2
Gal4,rtree100_bl3_rep1,7,WAG,3
Gal4,rtree100_bl3_rep1,7,mtART+G4,4
Gal4,rtree100_bl3_rep1,7,mtART,5
Gal4,rtree100_bl3_rep1,8,PMB+G4,1
Gal4,rtree100_bl3_rep1,8,DCMut+G4,2
Gal4,rtree100_bl3_rep1,8,WAG+F,3
Gal4,rtree100_bl3_rep1,8,DCMut,4
Gal4,rtree100_bl3_rep1,8,mtART,5
Gal4,rtree100_bl3_rep1,9,PMB+G4,1
Gal4,rtree100_bl3_rep1,9,DCMut+G4,2
Gal4,rtree100_bl3_rep1,9,WAG+F,3
Gal4,rtree100_bl3_rep1,9,DCMut,4
Gal4,rtree100_bl3_rep1,9,mtART,5
Gal4,rtree100_bl3_rep1,10,PMB+G4,1
Gal4,rtree100_bl3_rep1,10,FLU+F+G4,2
Gal4,rtree100_bl3_rep1,10,WAG+F,3
Gal4,rtree100_bl3_rep1,10,mtMAM+G4,4
Gal4,rtree100_bl3_rep1,10,mtART,5
Gal4,rtree100_bl3_rep1,11,PMB+G4,1
Gal4,rtree100_bl3_rep1,11,mtMet+F+G4,2
Gal4,rtree100_bl3_rep1,11,WAG+F,3
Gal4,rtree100_bl3_rep1,11,mtREV+F,4
Gal4,rtree100_bl3_rep1,11,mtART,5
Gal4,rtree100_bl3_rep1,12,PMB+G4,1
Gal4,rtree100_bl3_rep1,12,mtREV+F+G4,2
Gal4,rtree100_bl3_rep1,12,mtZOA+G4,3
Gal4,rtree100_bl3_rep1,12,mtREV+F,4
Gal4,rtree100_bl3_rep1,12,mtART,5
Gal4,rtree100_bl3_rep1,13,PMB+G4,1
Gal4,rtree100_bl3_rep1,13,FLU+F+G4,2
Gal4,rtree100_bl3_rep1,13,mtZOA+G4,3
Gal4,rtree100_bl3_rep1,13,mtREV+F,4
Gal4,rtree100_bl3_rep1,13,mtART,5
Gal4,rtree100_bl3_rep1,14,PMB+F+G4,1
Gal4,rtree100_bl3_rep1,14,HIVb+F+G4,2
Gal4,rtree100_bl3_rep1,14,WAG,3
Gal4,rtree100_bl3_rep1,14,mtART+G4,4
Gal4,rtree100_bl3_rep1,14,mtART,5
Gal4,rtree100_bl3_rep1,15,PMB+G4,1
Gal4,rtree100_bl3_rep1,15,HIVb+G4,2
Gal4,rtree100_bl3_rep1,15,mtREV+G4,3
Gal4,rtree100_bl3_rep1,15,mtREV+F,4
Gal4,rtree100_bl3_rep1,15,mtART,5
Gal4,rtree100_bl3_rep1,16,PMB+G4,1
Gal4,rtree100_bl3_rep1,16,rtREV+G4,2
Gal4,rtree100_bl3_rep1,16,JTTDCMut+F,3
Gal4,rtree100_bl3_rep1,16,mtART+G4,4
Gal4,rtree100_bl3_rep1,16,mtART,5
Gal4,rtree100_bl3_rep1,17,PMB+F+G4,1
Gal4,rtree100_bl3_rep1,17,PMB+F,2
Gal4,rtree100_bl3_rep1,17,mtZOA+G4,3
Gal4,rtree100_bl3_rep1,17,Dayhoff,4
Gal4,rtree100_bl3_rep1,17,mtART,5
Gal4,rtree100_bl3_rep1,18,PMB+G4,1
Gal4,rtree100_bl3_rep1,18,mtMet+F+G4,2
Gal4,rtree100_bl3_rep1,18,WAG+F,3
Gal4,rtree100_bl3_rep1,18,rtREV,4
Gal4,rtree100_bl3_rep1,18,mtART,5
Gal4,rtree100_bl3_rep1,19,PMB+F+G4,1
Gal4,rtree100_bl3_rep1,19,mtREV+F+G4,2
Gal4,rtree100_bl3_rep1,19,mtZOA+G4,3
Gal4,rtree100_bl3_rep1,19,FLU+F,4
Gal4,rtree100_bl3_rep1,19,mtART,5
Gal4,rtree100_bl3_rep1,20,PMB+G4,1
Gal4,rtree100_bl3_rep1,20,mtMet+F+G4,2
Gal4,rtree100_bl3_rep1,20,Blosum62+F,3
Gal4,rtree100_bl3_rep1,20,cpREV+F,4
Gal4,rtree100_bl3_rep1,20,mtART,5
LAC,rtree100_bl0.3_rep1,1,JTT+F+I+G4,1
LAC,rtree100_bl0.3_rep1,1,mtMet+F+I+G4,2
LAC,rtree100_bl0.3_rep1,1,cpREV,3
LAC,rtree100_bl0.3_rep1,1,mtMAM+F+G4,4
LAC,rtree100_bl0.3_rep1,1,mtART,5
LAC,rtree100_bl0.3_rep1,2,JTT+I+G4,1
LAC,rtree100_bl0.3_rep1,2,HIVw+F+I+G4,2
LAC,rtree100_bl0.3_rep1,2,mtREV+F+I+G4,3
LAC,rtree100_bl0.3_rep1,2,mtVer+G4,4
LAC,rtree100_bl0.3_rep1,2,mtART,5
LAC,rtree100_bl0.3_rep1,3,JTT+I+G4,1
LAC,rtree100_bl0.3_rep1,3,Dayhoff+F+G4,2
LAC,rtree100_bl0.3_rep1,3,LG+F+I,3
LAC,rtree100_bl0.3_rep1,3,mtVer+F+I,4
LAC,rtree100_bl0.3_rep1,3,mtART,5
LAC,rtree100_bl0.3_rep1,4,JTT+I+G4,1
LAC,rtree100_bl0.3_rep1,4,JTTDCMut+F,2
LAC,rtree100_bl0.3_rep1,4,cpREV,3
LAC,rtree100_bl0.3_rep1,4,rtREV+F+I,4
LAC,rtree100_bl0.3_rep1,4,mtART,5
LAC,rtree100_bl0.3_rep1,5,JTT+F+I+G4,1
LAC,rtree100_bl0.3_rep1,5,LG+F+G4,2
LAC,rtree100_bl0.3_rep1,5,PMB+I,3
LAC,rtree100_bl0.3_rep1,5,mtMet+F,4
LAC,rtree100_bl0.3_rep1,5,mtART,5
LAC,rtree100_bl0.3_rep1,6,JTT+F+I+G4,1
LAC,rtree100_bl0.3_rep1,6,HIVb+F+I,2
LAC,rtree100_bl0.3_rep1,6,HIVw+G4,3
LAC,rtree100_bl0.3_rep1,6,DCMut,4
LAC,rtree100_bl0.3_rep1,6,mtART,5
LAC,rtree100_bl0.3_rep1,7,JTT+F+I+G4,1
LAC,rtree100_bl0.3_rep1,7,JTT+F,2
LAC,rtree100_bl0.3_rep1,7,Dayhoff+F+I,3
LAC,rtree100_bl0.3_rep1,7,DCMut,4
LAC,rtree100_bl0.3_rep1,7,mtART,5
LAC,rtree100_bl0.3_rep1,8,JTT+I+G4,1
LAC,rtree100_bl0.3_rep1,8,Dayhoff+I+G4,2
LAC,rtree100_bl0.3_rep1,8,rtREV+I+G4,3
LAC,rtree100_bl0.3_rep1,8,mtMAM+F+I+G4,4
LAC,rtree100_bl0.3_rep1,8,mtART,5
LAC,rtree100_bl0.3_rep1,9,JTT+I+G4,1
LAC,rtree100_bl0.3_rep1,9,JTT,2
LAC,rtree100_bl0.3_rep1,9,PMB+I,3
LAC,rtree100_bl0.3_rep1,9,mtVer+G4,4
LAC,rtree100_bl0.3_rep1,9,mtART,5
LAC,rtree100_bl0.3_rep1,10,JTT+F+I+G4,1
LAC,rtree100_bl0.3_rep1,10,JTT+F,2
LAC,rtree100_bl0.3_rep1,10,cpREV+F,3
LAC,rtree100_bl0.3_rep1,10,Dayhoff,4
LAC,rtree100_bl0.3_rep1,10,mtART,5
LAC,rtree100_bl0.3_rep1,11,JTT+F+I+G4,1
LAC,rtree100_bl0.3_rep1,11,mtMet+F+G4,2
LAC,rtree100_bl0.3_rep1,11,HIVw+G4,3
LAC,rtree100_bl0.3_rep1,11,mtMAM+F+I+G4,4
LAC,rtree100_bl0.3_rep1,11,mtART,5
LAC,rtree100_bl0.3_rep1,12,JTT+F+I+G4,1
LAC,rtree100_bl0.3_rep1,12,PMB+F+I+G4,2
LAC,rtree100_bl0.3_rep1,12,cpREV+F,3
LAC,rtree100_bl0.3_rep1,12,mtVer+F+I,4
LAC,rtree100_bl0.3_rep1,12,mtART,5
LAC,rtree100_bl0.3_rep1,13,JTT+F+I+G4,1
LAC,rtree100_bl0.3_rep1,13,mtInv+F+G4,2
LAC,rtree100_bl0.3_rep1,13,FLU+F+I,3
LAC,rtree100_bl0.3_rep1,13,rtREV+F+I,4
LAC,rtree100_bl0.3_rep1,13,mtART,5
LAC,rtree100_bl0.3_rep1,14,JTT+F+I+G4,1
LAC,rtree100_bl0.3_rep1,14,HIVw+F+I+G4,2
LAC,rtree100_bl0.3_rep1,14,mtREV+F+G4,3
LAC,rtree100_bl0.3_rep1,14,mtVer+G4,4
LAC,rtree100_bl0.3_rep1,14,mtART,5
LAC,rtree100_bl0.3_rep1,15,JTT+I+G4,1
LAC,rtree100_bl0.3_rep1,15,PMB+F+I+G4,2
LAC,rtree100_bl0.3_rep1,15,cpREV,3
LAC,rtree100_bl0.3_rep1,15,mtVer+F+I,4
LAC,rtree100_bl0.3_rep1,15,mtART,5
LAC,rtree100_bl0.3_rep1,16,JTT+F+I+G4,1
LAC,rtree100_bl0.3_rep1,16,HIVw+F+G4,2
LAC,rtree100_bl0.3_rep1,16,VT,3
LAC,rtree100_bl0.3_rep1,16,mtVer+G4,4
LAC,rtree100_bl0.3_rep1,16,mtART,5
LAC,rtree100_bl0.3_rep1,17,JTT+F+I+G4,1
LAC,rtree100_bl0.3_rep1,17,mtMet+F+G4,2
LAC,rtree100_bl0.3_rep1,17,LG+F+I,3
LAC,rtree100_bl0.3_rep1,17,FLU,4
LAC,rtree100_bl0.3_rep1,17,mtART,5
LAC,rtree100_bl0.3_rep1,18,JTT+I+G4,1
LAC,rtree100_bl0.3_rep1,18,PMB+I+G4,2
LAC,rtree100_bl0.3_rep1,18,cpREV+F,3
LAC,rtree100_bl0.3_rep1,18,mtMet+F,4
LAC,rtree100_bl0.3_rep1,18,mtART,5
LAC,rtree100_bl0.3_rep1,19,JTT+F+I+G4,1
LAC,rtree100_bl0.3_rep1,19,JTTDCMut,2
LAC,rtree100_bl0.3_rep1,19,cpREV,3
LAC,rtree100_bl0.3_rep1,19,mtVer+F+I,4
LAC,rtree100_bl0.3_rep1,19,mtART,5
LAC,rtree100_bl0.3_rep1,20,JTT+F+I+G4,1
LAC,rtree100_bl0.3_rep1,20,JTT,2
LAC,rtree100_bl0.3_rep1,20,cpREV,3
LAC,rtree100_bl0.3_rep1,20,mtVer+G4,4
LAC,rtree100_bl0.3_rep1,20,mtART,5
LAC,rtree100_bl1.5_rep1,1,LG+F+I+G4,1
LAC,rtree100_bl1.5_rep1,1,VT+I+G4,2
LAC,rtree100_bl1.5_rep1,1,JTT+F+I,3
LAC,rtree100_bl1.5_rep1,1,HIVb+F,4
LAC,rtree100_bl1.5_rep1,1,mtMAM,5
LAC,rtree100_bl1.5_rep1,2,LG+F+G4,1
LAC,rtree100_bl1.5_rep1,2,JTTDCMut+G4,2
LAC,rtree100_bl1.5_rep1,2,Blosum62+F,3
LAC,rtree100_bl1.5_rep1,2,rtREV,4
LAC,rtree100_bl1.5_rep1,2,mtMAM,5
LAC,rtree100_bl1.5_rep1,3,LG+F+I+G4,1
LAC,rtree100_bl1.5_rep1,3,JTTDCMut+I+G4,2
LAC,rtree100_bl1.5_rep1,3,JTT+F+I,3
LAC,rtree100_bl1.5_rep1,3,mtInv+F,4
LAC,rtree100_bl1.5_rep1,3,mtMAM,5
LAC,rtree100_bl1.5_rep1,4,LG+F+I+G4,1
LAC,rtree100_bl1.5_rep1,4,JTT+G4,2
LAC,rtree100_bl1.5_rep1,4,VT+F,3
LAC,rtree100_bl1.5_rep1,4,FLU+F,4
LAC,rtree100_bl1.5_rep1,4,mtMAM,5
LAC,rtree100_bl1.5_rep1,5,LG+F+I+G4,1
LAC,rtree100_bl1.5_rep1,5,JTTDCMut+I+G4,2
LAC,rtree100_bl1.5_rep1,5,VT+F,3
LAC,rtree100_bl1.5_rep1,5,mtInv+F,4
LAC,rtree100_bl1.5_rep1,5,mtMAM,5
LAC,rtree100_bl1.5_rep1,6,LG+F+I+G4,1
LAC,rtree100_bl1.5_rep1,6,JTT+G4,2
LAC,rtree100_bl1.5_rep1,6,VT+F,3
LAC,rtree100_bl1.5_rep1,6,HIVw+I+G4,4
LAC,rtree100_bl1.5_rep1,6,mtMAM,5
LAC,rtree100_bl1.5_rep1,7,LG+F+I+G4,1
LAC,rtree100_bl1.5_rep1,7,cpREV+I+G4,2
LAC,rtree100_bl1.5_rep1,7,mtVer+I+G4,3
LAC,rtree100_bl1.5_rep1,7,FLU+F,4
LAC,rtree100_bl1.5_rep1,7,mtMAM,5
LAC,rtree100_bl1.5_rep1,8,LG+F+I+G4,1
LAC,rtree100_bl1.5_rep1,8,VT+I+G4,2
LAC,rtree100_bl1.5_rep1,8,Blosum62+F,3
LAC,rtree100_bl1.5_rep1,8,HIVb+F,4
LAC,rtree100_bl1.5_rep1,8,mtMAM,5
LAC,rtree100_bl1.5_rep1,9,LG+F+I+G4,1
LAC,rtree100_bl1.5_rep1,9,VT+G4,2
LAC,rtree100_bl1.5_rep1,9,mtInv+G4,3
LAC,rtree100_bl1.5_rep1,9,rtREV,4
LAC,rtree100_bl1.5_rep1,9,mtMAM,5
LAC,rtree100_bl1.5_rep1,10,LG+F+I+G4,1
LAC,rtree100_bl1.5_rep1,10,JTT+G4,2
LAC,rtree100_bl1.5_rep1,10,mtVer+G4,3
LAC,rtree100_bl1.5_rep1,10,rtREV+I,4
LAC,rtree100_bl1.5_rep1,10,mtMAM,5
LAC,rtree100_bl1.5_rep1,11,LG+F+I+G4,1
LAC,rtree100_bl1.5_rep1,11,WAG+I+G4,2
LAC,rtree100_bl1.5_rep1,11,Blosum62+F+I,3
LAC,rtree100_bl1.5_rep1,11,HIVb+F,4
LAC,rtree100_bl1.5_rep1,11,mtMAM,5
LAC,rtree100_bl1.5_rep1,12,LG+F+I+G4,1
LAC,rtree100_bl1.5_rep1,12,JTTDCMut+I+G4,2
LAC,rtree100_bl1.5_rep1,12,JTT+F+I,3
LAC,rtree100_bl1.5_rep1,12,mtInv+F,4
LAC,rtree100_bl1.5_rep1,12,mtMAM,5
LAC,rtree100_bl1.5_rep1,13,LG+F+I+G4,1
LAC,rtree100_bl1.5_rep1,13,JTTDCMut+I+G4,2
LAC,rtree100_bl1.5_rep1,13,LG+F+I,3
LAC,rtree100_bl1.5_rep1,13,HIVb+F,4
LAC,rtree100_bl1.5_rep1,13,mtMAM,5
LAC,rtree100_bl1.5_rep1,14,LG+F+I+G4,1
LAC,rtree100_bl1.5_rep1,14,VT+G4,2
LAC,rtree100_bl1.5_rep1,14,PMB+I,3
LAC,rtree100_bl1.5_rep1,14,rtREV+I,4
LAC,rtree100_bl1.5_rep1,14,mtMAM,5
LAC,rtree100_bl1.5_rep1,15,LG+F+G4,1
LAC,rtree100_bl1.5_rep1,15,JTT+G4,2
LAC,rtree100_bl1.5_rep1,15,mtVer+G4,3
LAC,rtree100_bl1.5_rep1,15,mtInv+F,4
LAC,rtree100_bl1.5_rep1,15,mtMAM,5
LAC,rtree100_bl1.5_rep1,16,WAG+F+I+G4,1
LAC,rtree100_bl1.5_rep1,16,mtREV+F+I+G4,2
LAC,rtree100_bl1.5_rep1,16,mtInv+G4,3
LAC,rtree100_bl1.5_rep1,16,HIVw+I+G4,4
LAC,rtree100_bl1.5_rep1,16,mtMAM,5
LAC,rtree100_bl1.5_rep1,17,LG+F+I+G4,1
LAC,rtree100_bl1.5_rep1,17,JTTDCMut+I+G4,2
LAC,rtree100_bl1.5_rep1,17,VT+F,3
LAC,rtree100_bl1.5_rep1,17,HIVb+F,4
LAC,rtree100_bl1.5_rep1,17,mtMAM,5
LAC,rtree100_bl1.5_rep1,18,LG+F+I+G4,1
LAC,rtree100_bl1.5_rep1,18,WAG+G4,2
LAC,rtree100_bl1.5_rep1,18,VT+F,3
LAC,rtree100_bl1.5_rep1,18,HIVb+F,4
LAC,rtree100_bl1.5_rep1,18,mtMAM,5
LAC,rtree100_bl1.5_rep1,19,LG+F+I+G4,1
LAC,rtree100_bl1.5_rep1,19,JTT+I+G4,2
LAC,rtree100_bl1.5_rep1,19,Blosum62+F+I,3
LAC,rtree100_bl1.5_rep1,19,rtREV+I,4
LAC,rtree100_bl1.5_rep1,19,mtMAM,5
LAC,rtree100_bl1.5_rep1,20,LG+F+I+G4,1
LAC,rtree100_bl1.5_rep1,20,WAG+I+G4,2
LAC,rtree100_bl1.5_rep1,20,mtVer+I+G4,3
LAC,rtree100_bl1.5_rep1,20,HIVb+F,4
LAC,rtree100_bl1.5_rep1,20,mtMAM,5
LAC,rtree100_bl3_rep1,1,LG+F+I+G4,1
LAC,rtree100_bl3_rep1,1,Blosum62+G4,2
LAC,rtree100_bl3_rep1,1,rtREV+F+I,3
LAC,rtree100_bl3_rep1,1,HIVb+F+I,4
LAC,rtree100_bl3_rep1,1,mtMAM,5
LAC,rtree100_bl3_rep1,2,LG+F+I+G4,1
LAC,rtree100_bl3_rep1,2,mtMAM+F+I+G4,2
LAC,rtree100_bl3_rep1,2,WAG+F+I,3
LAC,rtree100_bl3_rep1,2,FLU+F+I,4
LAC,rtree100_bl3_rep1,2,HIVw,5
LAC,rtree100_bl3_rep1,3,LG+F+I+G4,1
LAC,rtree100_bl3_rep1,3,Blosum62+I+G4,2
LAC,rtree100_bl3_rep1,3,mtMAM+G4,3
LAC,rtree100_bl3_rep1,3,JTTDCMut,4
LAC,rtree100_bl3_rep1,3,HIVw,5
LAC,rtree100_bl3_rep1,4,LG+F+I+G4,1
LAC,rtree100_bl3_rep1,4,mtVer+F+I+G4,2
LAC,rtree100_bl3_rep1,4,PMB+F+I,3
LAC,rtree100_bl3_rep1,4,HIVb+F+I,4
LAC,rtree100_bl3_rep1,4,mtMAM,5
LAC,rtree100_bl3_rep1,5,LG+F+I+G4,1
LAC,rtree100_bl3_rep1,5,HIVb+F+G4,2
LAC,rtree100_bl3_rep1,5,VT+F+I,3
LAC,rtree100_bl3_rep1,5,FLU+F+I,4
LAC,rtree100_bl3_rep1,5,mtMAM,5
LAC,rtree100_bl3_rep1,6,LG+F+I+G4,1
LAC,rtree100_bl3_rep1,6,Blosum62+G4,2
LAC,rtree100_bl3_rep1,6,WAG+F+I,3
LAC,rtree100_bl3_rep1,6,FLU+F+I,4
LAC,rtree100_bl3_rep1,6,HIVw,5
LAC,rtree100_bl3_rep1,7,LG+F+G4,1
LAC,rtree100_bl3_rep1,7,WAG+G4,2
LAC,rtree100_bl3_rep1,7,WAG+F,3
LAC,rtree100_bl3_rep1,7,mtInv+F,4
LAC,rtree100_bl3_rep1,7,mtMAM,5
LAC,rtree100_bl3_rep1,8,LG+F+I+G4,1
LAC,rtree100_bl3_rep1,8,mtVer+F+I+G4,2
LAC,rtree100_bl3_rep1,8,mtMAM+G4,3
LAC,rtree100_bl3_rep1,8,mtREV+F,4
LAC,rtree100_bl3_rep1,8,HIVw,5
LAC,rtree100_bl3_rep1,9,LG+F+I+G4,1
LAC,rtree100_bl3_rep1,9,HIVb+F+G4,2
LAC,rtree100_bl3_rep1,9,mtMAM+I+G4,3
LAC,rtree100_bl3_rep1,9,FLU+F+I,4
LAC,rtree100_bl3_rep1,9,HIVw,5
LAC,rtree100_bl3_rep1,10,LG+F+I+G4,1
LAC,rtree100_bl3_rep1,10,WAG+I+G4,2
LAC,rtree100_bl3_rep1,10,WAG+F+I,3
LAC,rtree100_bl3_rep1,10,mtInv+F,4
LAC,rtree100_bl3_rep1,10,HIVw,5
LAC,rtree100_bl3_rep1,11,LG+F+I+G4,1
LAC,rtree100_bl3_rep1,11,WAG+I+G4,2
LAC,rtree100_bl3_rep1,11,rtREV+F+I,3
LAC,rtree100_bl3_rep1,11,mtInv+F,4
LAC,rtree100_bl3_rep1,11,HIVw,5
LAC,rtree100_bl3_rep1,12,LG+F+I+G4,1
LAC,rtree100_bl3_rep1,12,mtMAM+F+I+G4,2
LAC,rtree100_bl3_rep1,12,WAG+F+I,3
LAC,rtree100_bl3_rep1,12,mtInv+F,4
LAC,rtree100_bl3_rep1,12,mtMAM,5
LAC,rtree100_bl3_rep1,13,LG+F+I+G4,1
LAC,rtree100_bl3_rep1,13,WAG+I+G4,2
LAC,rtree100_bl3_rep1,13,WAG+F+I,3
LAC,rtree100_bl3_rep1,13,FLU+F+I,4
LAC,rtree100_bl3_rep1,13,HIVw,5
LAC,rtree100_bl3_rep1,14,LG+F+I+G4,1
LAC,rtree100_bl3_rep1,14,WAG+G4,2
LAC,rtree100_bl3_rep1,14,rtREV+F+I,3
LAC,rtree100_bl3_rep1,14,HIVb+F+I,4
LAC,rtree100_bl3_rep1,14,mtMAM,5
LAC,rtree100_bl3_rep1,15,LG+F+I+G4,1
LAC,rtree100_bl3_rep1,15,mtVer+F+I+G4,2
LAC,rtree100_bl3_rep1,15,PMB+F+I,3
LAC,rtree100_bl3_rep1,15,mtInv+F,4
LAC,rtree100_bl3_rep1,15,HIVw,5
LAC,rtree100_bl3_rep1,16,LG+F+I+G4,1
LAC,rtree100_bl3_rep1,16,Blosum62+I+G4,2
LAC,rtree100_bl3_rep1,16,WAG+F+I,3
LAC,rtree100_bl3_rep1,16,JTTDCMut,4
LAC,rtree100_bl3_rep1,16,mtMAM,5
LAC,rtree100_bl3_rep1,17,LG+F+I+G4,1
LAC,rtree100_bl3_rep1,17,WAG+I+G4,2
LAC,rtree100_bl3_rep1,17,WAG+F+I,3
LAC,rtree100_bl3_rep1,17,mtInv+F,4
LAC,rtree100_bl3_rep1,17,HIVw,5
LAC,rtree100_bl3_rep1,18,LG+F+I+G4,1
LAC,rtree100_bl3_rep1,18,HIVb+F+I+G4,2
LAC,rtree100_bl3_rep1,18,rtREV+F+I,3
LAC,rtree100_bl3_rep1,18,mtMet+F+I,4
LAC,rtree100_bl3_rep1,18,HIVw,5
LAC,rtree100_bl3_rep1,19,LG+F+I+G4,1
LAC,rtree100_bl3_rep1,19,Blosum62+G4,2
LAC,rtree100_bl3_rep1,19,mtMAM+I+G4,3
LAC,rtree100_bl3_rep1,19,JTTDCMut,4
LAC,rtree100_bl3_rep1,19,HIVw,5
LAC,rtree100_bl3_rep1,20,LG+F+I+G4,1
LAC,rtree100_bl3_rep1,20,HIVb+F+G4,2
LAC,rtree100_bl3_rep1,20,WAG+F+I,3
LAC,rtree100_bl3_rep1,20,JTTDCMut,4
LAC,rtree100_bl3_rep1,20,HIVw,5
